Team,Player Name,Primary Shoe Brand,Primary Shoe Model,List of All Shoes
Boston Celtics,JD Davison,Nike,Kobe 6 White Del Sol,"{('Nike', 'Kobe 6 White Del Sol'), ('Nike', 'Book 1'), ('Jordan', 'Air  11 Retro'), ('Nike', 'Kobe 4 Protro'), ('Nike', 'Kobe 6 Sail All-Star'), ('Nike', 'Kyrie 4'), ('Nike', 'Kobe 8'), ('Nike', 'Kobe 5'), ('Nike', 'Book 1 Rattlesnake'), ('Nike', 'KD 3'), ('Nike', 'KD 6'), ('Nike', 'Sabrina 1'), ('Nike', 'Kobe 6')}"
Milwaukee Bucks,Giannis Antetokounmpo,Nike,Freak 6,"{('Nike', 'Giannis Immortality 3'), ('Nike', 'Freak 5'), ('Nike', 'Kobe AD Exodus'), ('Nike', 'Freak 6 Christmas'), ('Nike', 'Freak 6'), ('Nike', 'Zoom Freak 1'), ('Nike', 'Zoom Freak 2'), ('Nike', 'Kobe 11'), ('Nike', 'Kobe X Elite'), ('Nike', 'Kobe A.D. PE'), ('Nike', 'Zoom Freak 4'), ('Jordan', 'Super.Fly 4'), ('Nike', 'Kyrie 1'), ('Nike', 'Kobe X'), ('Jordan', 'Air  10 Retro'), ('Nike', 'Zoom Freak 3'), ('Nike', 'Freak 6 EP')}"
Boston Celtics,Luke Kornet,Nike,Air Zoom G.T. Jump 2,"{('Nike', 'Air Zoom GT Jump'), ('Nike', 'LeBron 17'), ('Nike', 'G.T. Jump 2'), ('Nike', 'Hyperdunk X')}"
Phoenix Suns,Kevin Durant,Nike,KD 17,"{('Nike', 'KD 8 ""Creamsicle""'), ('Nike', 'KD7 PE'), ('Nike', 'KD 17 Slim Reaper'), ('Nike', 'KD 9'), ('Nike', 'KD 16'), ('Nike', 'KD 9 Elite'), ('Nike', 'KD 17'), ('Nike', 'KD 8 ""N7""'), ('Nike', 'KD 8'), ('Nike', 'KD 9 ""BHM""'), ('Nike', 'KD 8 ""Opening Night""'), ('Nike', 'KD 10'), ('Nike', 'KD 15'), ('Nike', 'KD 17 Easy Money All-Star')}"
Boston Celtics,Anton Watson,,,set()
Boston Celtics,Baylor Scheierman,Puma,All-Pro Nitro,"{('Puma', 'All-Pro Nitro'), ('Puma', 'All-Pro Nitro Mexico')}"
Boston Celtics,Jrue Holiday,Nike,Air Zoom G.T. Cut 3 Turbo,"{('Nike', 'Air Zoom G.T. Cut 2'), ('Jordan', 'Air  11 Retro'), ('Nike', 'Air Zoom G.T. Cut 3'), ('Nike', 'Kobe 9 Low'), ('Nike', 'Kyrie 5'), ('Nike', 'Kobe AD Exodus'), ('Nike', 'KD 14'), ('Nike', 'Kobe 5'), ('Nike', 'Air Zoom G.T. Cut 3 Turbo'), ('Nike', 'PG 1'), ('Nike', 'LeBron XX'), ('Nike', 'Sabrina 1'), ('Nike', 'Kobe X'), ('Nike', 'Kobe 6'), ('Nike', 'Air Zoom GT Cut'), ('Nike', 'Kobe X Elite Low ""Mambacurial""'), ('Nike', 'Sabrina 2'), ('Nike', 'Kobe AD Mid')}"
Boston Celtics,Neemias Queta,Adidas,D.O.N. Issue 4,"{('Adidas', 'Trae Young 3'), ('Adidas', 'BYW Select'), ('Adidas', 'DON Issue #3'), ('Adidas', 'AE1'), ('Adidas', 'D.O.N Issue 6 Triple White'), ('Adidas', 'Crazy 8'), ('Adidas', 'D.O.N. Issue 6'), ('Adidas', 'Dame 8'), ('Adidas', 'D.O.N. Issue 4'), ('Adidas', 'Harden Vol. 5'), ('Adidas', 'Trae Unlimited'), ('Adidas', 'Dame 7 EXTPLY'), ('Adidas', 'Harden Vol. 7'), ('Adidas', 'Dame Certified')}"
Boston Celtics,Derrick White,Nike,Sabrina 2 SLAM,"{('Nike', 'Book 1'), ('Nike', 'Kobe AD Exodus'), ('Nike', 'Sabrina 2 White Noise'), ('Nike', 'Sabrina 2 Mirrored'), ('Nike', 'Sabrina 2 Trust the Game'), ('Nike', 'Zoom Freak 4'), ('Nike', 'LeBron XX'), ('Nike', 'Sabrina 2'), ('Nike', 'Kyrie Low 2')}"
Boston Celtics,Kristaps PorziÅ†Ä£is,Adidas,BYW Select,"{('Adidas', 'Next Level'), ('Adidas', 'Crazy Explosive 2017'), ('Adidas', 'BYW Select'), ('Adidas', 'D.O.N. Issue 6'), ('Adidas', 'Dame 8 EXTPLY'), ('Adidas', 'Exhibit A Mid'), ('Adidas', 'Exhibit A'), ('Adidas', 'Dame 8'), ('Adidas', 'Crazy Explosive Low 2017'), ('Adidas', 'Pro Boost'), ('Nike', 'Kobe X Elite'), ('Adidas', 'Crazy Explosive'), ('Adidas', 'Pro Bounce 2019'), ('Nike', 'Kobe 9 Elite')}"
Denver Nuggets,Nikola JokiÄ‡,361Â°,361 Joker 1,"{('361Â°', '361 Joker 1 Champagne'), ('361Â°', '361 Big3 Future High'), ('Nike', 'Hyperdunk X'), ('Nike', 'Zoom Rize'), ('Nike', 'Air Zoom BB NXT'), ('Nike', 'Hyperdunk 2014'), ('Nike', 'Hyperdunk 2016'), ('Nike', 'Air Zoom GT Jump'), ('361Â°', '361 Joker 1')}"
Boston Celtics,Payton Pritchard,741 Performance,Rover,"{('Nike', 'Book 1'), ('Nike', 'PG 6'), ('Nike', 'PG 4'), ('Nike', 'Kobe 4 Protro'), ('Nike', 'Kyrie 7'), ('Nike', 'LeBron NXXT Gen'), ('Nike', 'Sabrina 2 White Noise'), ('741 Performance', 'Rover'), ('Nike', 'LeBron XX'), ('Nike', 'Sabrina 1'), ('Nike', 'Kobe 6'), ('Nike', 'Sabrina 2')}"
Boston Celtics,Jaylen Brown,741 Performance,Rover,"{('Nike', 'Air Zoom G.T. Cut 2'), ('Anta', 'KAI 1'), ('Adidas', 'Crazylight Boost Low 2016'), ('Adidas', 'Dame 6'), ('Nike', 'Kobe 5'), ('Adidas', 'Pro Bounce Low 2019'), ('Nike', 'Kobe 6'), ('Nike', 'Kobe X Low')}"
Boston Celtics,Xavier Tillman,Nike,Zoom Freak 3,"{('Nike', 'Zoom Freak 2'), ('Nike', 'Giannis Immortality'), ('Nike', 'Zoom Freak 3'), ('Nike', 'PG 5')}"
Los Angeles Clippers,Kawhi Leonard,New Balance,Kawhi 4,"{('New Balance', 'Kawhi 4 Transcend Greatness'), ('New Balance', 'Kawhi 2 Low'), ('Jordan', 'Air  XX9 PE'), ('Jordan', 'Air  XX9'), ('New Balance', 'Kawhi 3'), ('New Balance', 'Kawhi 2'), ('Jordan', 'Air  XXXI'), ('Jordan', 'Air  11 Retro'), ('New Balance', 'Kawhi 4')}"
Philadelphia 76ers,Joel Embiid,SKECHERS,SKX Float,"{('SKECHERS', 'SKX Float'), ('SKECHERS', 'SKX Float Mid'), ('Adidas', 'D Rose 773 III'), ('Under Armour', 'HOVR Havoc'), ('Under Armour', 'HOVR Havoc 2'), ('Under Armour', 'Embiid 1')}"
Boston Celtics,Jordan Walsh,741 Performance,Rover,"{('Jordan', 'Tatum 3'), ('Converse', 'All Star BB Shift Mid'), ('Nike', 'Kobe 6 Italian Camo'), ('741 Performance', 'Rover'), ('Jordan', 'Tatum 2'), ('Jordan', 'Tatum 1'), ('Nike', 'LeBron XX'), ('Nike', 'Kobe 6')}"
Boston Celtics,Jayson Tatum,Jordan,Tatum 3,"{('Jordan', 'Tatum 3 St. Louis'), ('Jordan', 'Air  37 Low'), ('Jordan', 'Air  36'), ('Jordan', 'Air  34'), ('Jordan', 'Air  35'), ('Jordan', 'Tatum 3'), ('Nike', 'Kyrie 4'), ('Jordan', 'Tatum 3 6th Man'), ('Jordan', 'Tatum 2'), ('Jordan', 'Tatum 1'), ('Jordan', 'Air  37')}"
Boston Celtics,Drew Peterson,Nike,Kyrie Low 4 Pale Coral,"{('Nike', 'Kyrie Low 4')}"
Los Angeles Lakers,Luka DonÄiÄ‡,Jordan,Luka 1,"{('Jordan', 'Luka 2'), ('Jordan', 'Air  35'), ('Jordan', 'Luka 1'), ('Nike', 'Hyperdunk X Low'), ('Jordan', 'Luka 3')}"
Golden State Warriors,Stephen Curry,Under Armour,Curry 12 Extraterrestial,"{('Under Armour', 'Curry Fox 1'), ('Under Armour', 'Curry 3ZERO'), ('Under Armour', 'Curry 11'), ('Under Armour', 'Curry 1 Low FloTro'), ('Under Armour', 'Curry Two ""Floor General""'), ('Under Armour', 'Curry 6 FloTro'), ('Under Armour', 'Curry ""CNY""'), ('Under Armour', 'Curry Two'), ('Under Armour', 'Under Armor Anatomix Spawn Flotro'), ('Under Armour', 'Anatomix Spawn Flotro'), ('Under Armour', 'Curry 4'), ('Under Armour', 'Curry Flow 10'), ('Under Armour', 'Curry 1 Low FloTro Lux'), ('Under Armour', 'Curry 2 Low FloTro'), ('Under Armour', 'Curry 12'), ('Under Armour', 'Curry 3'), ('Under Armour', 'under-armour Curry 3 ZERO'), ('Under Armour', 'Curry 4 Low FloTro'), ('Under Armour', 'Curry 6'), ('Under Armour', 'Curry 4 FloTro'), ('Under Armour', 'Curry 12 Year of the Snake'), ('Under Armour', 'Curry 7'), ('Under Armour', 'Curry One')}"
Golden State Warriors,Jimmy Butler III,Li-Ning,JB3,"{('Li-Ning', 'YuShuai 15'), ('Jordan', 'Air  XX9 Low PE'), ('Li-Ning', 'JB3'), ('Li-Ning', 'Speed VII'), ('Jordan', 'Air  XX9'), ('Jordan', 'Super.Fly 4'), ('Li-Ning', 'The Bucket'), ('Li-Ning', 'JB2'), ('Jordan', 'Air  XXXI'), ('Li-Ning', 'JB1'), ('Jordan', 'Air  6 Retro'), ('Jordan', 'Air  XX9 ""USA""'), ('Jordan', 'Ultra.Fly 2')}"
Boston Celtics,Torrey Craig,Nike,Kobe 6 Grinch,"{('Nike', 'Kobe 4 Protro'), ('Nike', 'LeBron 16'), ('Nike', 'Kobe 7'), ('Nike', 'Kobe 9 Low'), ('Nike', 'Kobe 5'), ('Nike', 'PG 2.5'), ('Nike', 'Kobe 6 Reverse Grinch'), ('Nike', 'Kobe 6'), ('Nike', 'Kobe X Low')}"
Boston Celtics,Sam Hauser,Nike,Air Zoom G.T. Cut 3,"{('Nike', 'PG 6'), ('Nike', 'Air Zoom G.T. Cut 3'), ('Nike', 'PG 5'), ('Nike', 'LeBron NXXT Gen'), ('Nike', 'KD 16'), ('Nike', 'Air Zoom G.T. Cut 3 Blueprint'), ('Nike', 'Sabrina 1'), ('Nike', 'KD 15'), ('Nike', 'Sabrina 2')}"
Los Angeles Lakers,LeBron James,Nike,LeBron 22,"{('Nike', 'LeBron 9'), ('Nike', 'Lebron 13 ""25K""'), ('Nike', 'LeBron NXXT Gen'), ('Nike', 'Lebron 13 PE'), ('Nike', 'Deion Sanders Max 96 Lebron XXI'), ('Nike', 'Lebron 14'), ('Nike', 'LeBron 2'), ('Nike', 'Zoom Lebron 3'), ('Nike', 'Zoom Lebron Soldier 9 ""Freegums""'), ('Nike', 'Lebron 12 PE'), ('Nike', 'Lebron 14 PE'), ('Nike', 'LeBron 7'), ('Nike', 'Lebron 13'), ('Nike', 'LeBron XX'), ('Nike', 'LeBron XXI'), ('Nike', 'LeBron Soldier 11')}"
Boston Celtics,Al Horford,Nike,G.T. Jump 2,"{('Nike', 'PG 6'), ('Nike', 'Air Zoom G.T. Jump 2'), ('Nike', 'Zoom Rize 2'), ('Nike', 'Hyperdunk 2015 PE'), ('Nike', 'Zoom Rize'), ('Nike', 'Hyperdunk 2015'), ('Nike', 'Hyperdunk 2014'), ('Nike', 'Hyperdunk 2016'), ('Nike', 'G.T. Jump 2')}"
Brooklyn Nets,De'Anthony Melton,Converse,All Star BB Trilliant CX,"{('Puma', 'Playmaker Pro'), ('Puma', 'Court Rider 2.0'), ('Nike', 'Mamba Fury'), ('Nike', 'Kobe A.D NXT'), ('Converse', 'All Star BB Shift'), ('Converse', 'All Star BB Trilliant CX')}"
Other sneakers worn by  D\'Angelo Russell,D\'Angelo Russell,Li-Ning,Wade All City 13,"{('Li-Ning', 'Wade All City 10 V1'), ('Li-Ning', 'Way Of Wade 1'), ('Li-Ning', 'Way of Wade 11'), ('Nike', 'Zoom Hyperquickness 2015'), ('Li-Ning', 'Wade All City 10'), ('Li-Ning', 'Wade 808 3 V2 Ultra'), ('Li-Ning', 'Wade 808 3 Ultra'), ('Li-Ning', 'Wade Shadow 4'), ('Li-Ning', 'Way Of Wade 10 Low'), ('Li-Ning', 'Way Of Wade 10'), ('Li-Ning', 'Wade All City 12'), ('Li-Ning', 'Wade All City 11'), ('Li-Ning', 'JB2'), ('Li-Ning', 'Wade of Wade 10'), ('Li-Ning', 'Wade All City 13'), ('Nike', 'Air Flight Huarache ""Kobe""'), ('Li-Ning', 'DLO 2'), ('Li-Ning', 'Way Of Wade Flash 2')}"
Brooklyn Nets,Reece Beekman,Nike,Kobe 6 Mambacita Sweet 16,"{('Nike', 'Kobe 4 Protro Gold Medal'), ('Nike', 'Kobe 6 Mambacita Sweet 16'), ('Nike', 'Kobe 6 Italian Camo'), ('Nike', 'Kobe 8'), ('Nike', 'Kobe 5'), ('Nike', 'Kobe 5 X-Ray'), ('Nike', 'Sabrina 1'), ('Nike', 'Kobe 6 Reverse Grinch'), ('Nike', 'Kobe 6')}"
Brooklyn Nets,Cameron Johnson,Nike,Kobe 6 Reverse Grinch,"{('Nike', 'Book 1'), ('Nike', 'PG 6'), ('Nike', 'Kobe 5 Chaos'), ('Nike', 'Kobe 6 WNBA'), ('Nike', 'Kobe 4 Protro'), ('Nike', 'KD 17 Travel Ball'), ('Nike', 'KD 16'), ('Nike', 'Kobe 8'), ('Nike', 'KD 15'), ('Nike', 'Kobe 5'), ('Jordan', 'CP3.11'), ('Nike', 'Kobe 4 Protro Girl Dad'), ('Nike', 'Sabrina 1'), ('Nike', 'Kobe 4 Protro FTB Snake'), ('Nike', 'Kobe 6 Reverse Grinch'), ('Nike', 'Kobe 6')}"
Brooklyn Nets,Noah Clowney,Nike,Kobe 6 Reverse Grinch,"{('Nike', 'LeBron XX'), ('Nike', 'Kobe 6'), ('Nike', 'LeBron NXXT Gen')}"
Brooklyn Nets,Keon Johnson,Nike,Zoom Freak 4,"{('Nike', 'Kyrie Infinity (Kyrie 8)'), ('Nike', 'G.T. Hustle 3'), ('Nike', 'Kyrie 4'), ('Nike', 'KD 13'), ('Adidas', 'Dame 8'), ('Adidas', 'Dame 7'), ('Adidas', 'Harden Vol. 6'), ('Nike', 'Zoom Freak 4'), ('Nike', 'Kyrie 4 Ankle Taker'), ('Adidas', 'Harden Vol. 7')}"
Brooklyn Nets,Kendall Brown,Nike,LeBron NXXT Gen,"{('Nike', 'Air Zoom GT Cut')}"
Brooklyn Nets,Day'Ron Sharpe,Li-Ning,Wade All City 13,"{('Nike', 'Book 1'), ('Nike', 'Book 1 Halloween'), ('Adidas', 'BYW Select'), ('Nike', 'Book 1 Sunset'), ('Nike', 'KD 17'), ('Adidas', 'Dame 8'), ('Nike', 'KD 16 Boardroom'), ('Adidas', 'Harden Vol. 7')}"
Brooklyn Nets,Trendon Watford,Nike,Sabrina 2 By You,"{('Nike', 'Book 1'), ('Nike', 'PG 6'), ('Nike', 'Freak 5'), ('Nike', 'Kobe 5 Protro Year of the Mamba'), ('Nike', 'Kobe 6 WNBA'), ('Nike', 'Kobe 4 Protro'), ('Nike', 'KD 4'), ('Nike', 'Kobe 9 Low'), ('Nike', 'KD 16'), ('Nike', 'Kyrie 1'), ('Nike', 'PG 5'), ('Nike', 'Kobe 5'), ('Nike', 'LeBron XX'), ('Nike', 'Sabrina 1'), ('Nike', 'LeBron XXI'), ('Nike', 'Kobe 6'), ('Nike', 'Sabrina 2')}"
Brooklyn Nets,Tyrese Martin,Nike,Kobe 6 Reverse Grinch,"{('Nike', 'Book 1'), ('Nike', 'PG 6'), ('Nike', 'Air Zoom G.T. Cut 2'), ('Nike', 'Kobe 4 Protro'), ('Nike', 'Kobe 5 Protro Year of the Mamba'), ('Nike', 'Kobe 7'), ('Nike', 'KD 4'), ('Nike', 'Kyrie 7'), ('Adidas', 'Harden Vol. 8'), ('Nike', 'Kobe 5'), ('Nike', 'Kobe 5 X-Ray'), ('Nike', 'LeBron XX'), ('Nike', 'Kobe 6 Reverse Grinch'), ('Nike', 'Kobe 5 Protro Undefeated Hall of Fame'), ('Nike', 'Kobe 6')}"
Brooklyn Nets,Cam Thomas,Nike,Kobe 6 Reverse Grinch,"{('Nike', 'Kobe 4 Protro'), ('Nike', 'Kobe Protro 6'), ('Nike', 'Kobe 5'), ('Nike', 'Kobe XI Low'), ('Nike', 'Kobe 7'), ('Nike', 'Kobe 6'), ('Nike', 'Kobe X Low')}"
Brooklyn Nets,Maxwell Lewis,Adidas,adizero Select 2.0,"{('Adidas', 'BYW Select'), ('Adidas', 'AE1'), ('Adidas', 'Harden Vol. 8'), ('Adidas', 'D Rose 1.5'), ('Adidas', 'Gil Zero'), ('Adidas', 'Harden Vol. 7'), ('Adidas', 'adizero Select 2.0')}"
Brooklyn Nets,Jalen Wilson,Adidas,Harden Vol. 8,"{('Adidas', 'Harden Vol. 7'), ('Adidas', 'Harden Vol. 8'), ('Adidas', 'Harden Vol. 9 Cyber Metallic'), ('Adidas', 'BYW Select')}"
Brooklyn Nets,Tosan Evbuomwan,Nike,Kobe 5 X-Ray,"{('Nike', 'Kobe 9 Low'), ('Nike', 'Ja 1'), ('Nike', 'KD 16'), ('Nike', 'Kobe 8 Venice Beach'), ('Nike', 'Kobe 8'), ('Nike', 'Sabrina 1')}"
Brooklyn Nets,Ziaire Williams,Adidas,Dame 9,"{('Adidas', 'D.O.N. Issue 4'), ('Adidas', 'DON Issue #3'), ('Adidas', 'Dame 8 EXTPLY')}"
Brooklyn Nets,Dariq Whitehead,Nike,Air Zoom G.T. Cut 3,"{('Nike', 'Book 1'), ('Nike', 'Kobe 6 Reverse Grinch'), ('Nike', 'KD 16'), ('Nike', 'Kobe 6')}"
Brooklyn Nets,Nic Claxton,Nike,Kyrie 6,"{('Nike', 'Book 1'), ('Nike', 'Kyrie 6'), ('Nike', 'JA 2 Tree Topper'), ('Nike', 'KD 12'), ('Nike', 'Ja 1'), ('Nike', 'Kobe A.D. Low 2017'), ('Nike', 'KD 14'), ('Nike', 'KD 13'), ('Nike', 'JA 2 Nightmare'), ('Nike', 'KD7'), ('Nike', 'Zoom KD12'), ('Nike', 'JA 2 Twelve Time'), ('Nike', 'JA 2'), ('Nike', 'Kyrie Low 5'), ('Nike', 'Kobe A.D. Low 2017 Purple Stardust')}"
New York Knicks,Ariel Hukporti,Nike,Air Zoom G.T. Cut 3,"{('Nike', 'Air Zoom G.T. Cut 3'), ('Nike', 'Kobe 9 Low'), ('Nike', 'KD 4'), ('Nike', 'KD 4 Galaxy'), ('Nike', 'Sabrina 2 SLAM'), ('Nike', 'Kobe 6 Sail All-Star'), ('Adidas', 'AE1 Low'), ('Nike', 'Kobe 8'), ('Nike', 'Kobe 5'), ('Nike', 'Kobe 5 X-Ray')}"
New York Knicks,Cameron Payne,Nike,Kobe 5 Bruce Lee,"{('Nike', 'Book 1'), ('Nike', 'Kobe 4 Protro'), ('Jordan', 'Air  11 Retro Low'), ('Nike', 'Kobe A.D.'), ('Nike', 'Kobe 5 Bruce Lee'), ('Nike', 'Ja 1'), ('Nike', 'Kobe 5'), ('Nike', 'Zoom Freak 1'), ('Nike', 'PG 2.5'), ('Nike', 'KD Trey 5 III'), ('Nike', 'Kobe 5 Black Mamba Collection Fade to Black'), ('Nike', 'Sabrina 1'), ('Nike', 'Kobe 6')}"
New York Knicks,Josh Hart,Nike,Kobe 5 X-Ray,"{('Nike', 'Kobe AD NXT FF'), ('Nike', 'Kobe 5 Protro Bruce Lee Alternate'), ('Nike', 'Kobe 5 Protro Year of the Mamba'), ('Nike', 'Kobe 6 WNBA'), ('Nike', 'Kobe 6 Sail All-Star'), ('Nike', 'Kobe 5'), ('Nike', 'Kobe 11'), ('Nike', 'Kobe 5 X-Ray'), ('Nike', 'Kobe 6')}"
New York Knicks,Jalen Brunson,Nike,Kobe 4 Protro,"{('Nike', 'Kyrie Low 2'), ('Nike', 'Kobe 4 Protro'), ('Nike', 'Kobe 6 WNBA'), ('Nike', 'Kobe 5 Protro Year of the Mamba'), ('Nike', 'Kobe A.D.'), ('Nike', 'Kobe A.D. Low 2017'), ('Nike', 'Kobe 6 Sail All-Star'), ('Nike', 'Kobe 5'), ('Nike', 'Hyperdunk X Low'), ('Nike', 'LeBron XX'), ('Nike', 'Sabrina 1'), ('Nike', 'Kobe 6'), ('Nike', 'Kobe 5 Protro'), ('Nike', 'Kobe 6 Grinch')}"
New York Knicks,Pacome Dadiet,Adidas,Harden Vol. 9 Cyber Metallic,"{('Adidas', 'Harden Vol. 8'), ('Adidas', 'Dame 9'), ('Adidas', 'AE1 Low')}"
New York Knicks,Kevin McCullar Jr.,,,set()
New York Knicks,Precious Achiuwa,Anta,KAI 1,"{('Anta', 'KT7'), ('Anta', 'KT Splash 5.0'), ('Anta', 'Shock Wave 4 Pro'), ('Anta', 'Shock Wave 5 Pro'), ('Anta', 'KAI 1'), ('Anta', 'Shock The Game 6'), ('Anta', 'Daringly 3.0'), ('Anta', 'KT8'), ('Anta', 'Quick Speed 5.0'), ('Anta', 'Z-Up 1'), ('Nike', 'Kybrid S2'), ('Anta', 'KT Splash 4')}"
New York Knicks,Miles McBride,Nike,Book 1 Sedona,"{('Nike', 'Book 1'), ('Nike', 'PG 6'), ('Nike', 'Air Zoom G.T. Cut 3'), ('Nike', 'KD 14'), ('Nike', 'KD 15'), ('Nike', 'Book 1 Sunrise')}"
New York Knicks,Mitchell Robinson,Nike,Book 1 Sedona,"{('Nike', 'Kobe 6 Protro'), ('Nike', 'Kyrie 2'), ('Jordan', 'CP3.X'), ('Nike', 'LeBron XX'), ('Nike', 'PG 5'), ('Nike', 'Air Zoom GT Cut'), ('Nike', 'PG 3')}"
New York Knicks,Karl Anthony Towns,Nike,G.T. Jump 2,"{('Nike', 'Air Zoom GT Run'), ('Nike', 'Zoom Hyperfuse 2014'), ('Nike', 'Hyperdunk X'), ('Nike', 'Hyperdunk 2017'), ('Nike', 'Air Zoom BB NXT'), ('Nike', 'Hyperdunk 2016'), ('Nike', 'G.T. Jump 2')}"
New York Knicks,Tyler Kolek,Puma,All-Pro Nitro,set()
New York Knicks,Jacob Toppin,Nike,Kobe 6 Sail All-Star,"{('Nike', 'Kobe 5 Chaos'), ('Nike', 'Kobe 4 Protro'), ('Nike', 'Kobe 6 Sail All-Star'), ('Nike', 'Kobe 8'), ('Nike', 'Kobe 5'), ('Nike', 'Kobe 6')}"
New York Knicks,Matt Ryan,Nike,PG 3,"{('Puma', 'Rise Nitro'), ('Under Armour', 'Fire Shot Low'), ('Judah', '1 Low Spotless'), ('Nike', 'Air Zoom G.T. Cut 2'), ('Nike', 'Kobe A.D.'), ('Judah', '1 Low'), ('Nike', 'Kobe 8'), ('Puma', 'Court Rider 2.0'), ('Judah', '1'), ('Nike', 'PG 1'), ('Nike', 'Kyrie Low 5'), ('Nike', 'Kobe 6')}"
New York Knicks,Landry Shamet,Nike,Sabrina 2,"{('Nike', 'Kobe AD Exodus'), ('Nike', 'Zoom Freak 1'), ('Nike', 'Sabrina 2 By You'), ('Nike', 'PG 1'), ('Nike', 'LeBron XXI'), ('Nike', 'KD 15'), ('Nike', 'Kobe 6'), ('Nike', 'Kobe AD Mid'), ('Nike', 'Kobe 6 Protro'), ('Nike', 'Kobe 4 Protro'), ('Nike', 'KD 12'), ('Nike', 'Kobe 6 Sail All-Star'), ('Nike', 'Sabrina 1'), ('Nike', 'Air Zoom GT Cut'), ('Nike', 'Kobe 5'), ('Nike', 'Sabrina 2 Trust the Game'), ('Nike', 'Kobe 4 Protro Gift of Mamba'), ('Nike', 'Kyrie Infinity (Kyrie 8)'), ('Nike', 'Air Zoom G.T. Cut 3'), ('Nike', 'Sabrina 2')}"
New York Knicks,Mikal Bridges,Nike,PG 6,"{('Nike', 'Book 1'), ('Nike', 'PG 6'), ('Nike', 'Air Zoom G.T. Cut 3'), ('Nike', 'KD 12'), ('Nike', 'Kobe A.D.'), ('Nike', 'KD 11'), ('Nike', 'KD 13'), ('Nike', 'Sabrina 1'), ('Nike', 'Kobe 6')}"
New York Knicks,OG Anunoby,SKECHERS,SKX Nexus,"{('Nike', 'Kyrie 6'), ('Nike', 'Kyrie Infinity (Kyrie 8)'), ('Adidas', 'Crazy BYW 2.0'), ('Nike', 'Kyrie 5'), ('Nike', 'LeBron 19 Low'), ('Nike', 'LeBron 17'), ('Nike', 'LeBron NXXT Gen'), ('Nike', 'Kobe AD NXT FF'), ('Nike', 'KD 16'), ('Adidas', 'Exhibit A'), ('Nike', 'LeBron NXXT Gen AMPD'), ('Nike', 'G.T. Hustle 2'), ('Nike', 'Kyrie 4'), ('Nike', 'LeBron NXXT Gen AMPD USC'), ('Nike', 'LeBron 18 Low'), ('Nike', 'LeBron XXI'), ('SKECHERS', 'SKX Nexus')}"
New York Knicks,Delon Wright,Nike,Kobe 6 Italian Camo,"{('Nike', 'Kobe 7'), ('Nike', 'KD 15'), ('Nike', 'Kobe X Low'), ('Nike', 'Kobe 6'), ('Nike', 'Air Zoom Generation (LeBron 1)'), ('Nike', 'Kobe 8'), ('Nike', 'Kobe 6 Reverse Grinch'), ('Under Armour', 'Curry Two'), ('Nike', 'Kyrie 6'), ('Nike', 'Kobe 5 Chaos'), ('Under Armour', 'Curry 5'), ('Nike', 'Kobe 5'), ('Nike', 'Kyrie Low 5'), ('Nike', 'Kobe XI Low'), ('Nike', 'PG 6'), ('Nike', 'Kyrie Infinity (Kyrie 8)'), ('Nike', 'Kyrie 7'), ('Nike', 'Ja 1'), ('Nike', 'Kobe 6 Italian Camo'), ('Under Armour', 'Curry 6'), ('Nike', 'Kyrie Flytrap 6'), ('Under Armour', 'Curry 3Zer0 II')}"
Philadelphia 76ers,Jared McCain,Jordan,Air  39,set()
Philadelphia 76ers,Jalen Hood-Schifino,Adidas,adizero Select 2.0,"{('Adidas', 'Gil Zero'), ('Adidas', 'Trae Young 3'), ('Adidas', 'Dame 8'), ('Adidas', 'adizero Select 2.0')}"
Philadelphia 76ers,Quentin Grimes,Nike,Kobe 5,"{('Nike', 'Kobe 6 Protro'), ('Adidas', 'Pro Bounce 2018 Low'), ('Nike', 'Kobe 5 Bruce Lee'), ('Jordan', 'Air  34'), ('Nike', 'Kobe 6 Italian Camo'), ('Nike', 'Kobe 6 Sail All-Star'), ('Nike', 'Kobe 5'), ('Nike', 'Kobe 6 Reverse Grinch'), ('Nike', 'Kobe 6'), ('Nike', 'Kobe XI Low')}"
Philadelphia 76ers,Jeff Dowtin Jr.,Nike,Kyrie 6,"{('Nike', 'Kyrie 6'), ('Nike', 'Ja 1')}"
Philadelphia 76ers,Ricky Council IV,Anta,KAI 1,"{('Anta', 'KAI 1 Mothers Day'), ('Nike', 'Book 1'), ('New Balance', 'Two WXY 4'), ('Nike', 'KD 4'), ('Anta', 'Shock Wave 5 Pro'), ('Anta', 'KAI 1'), ('Anta', 'KAI 1 Triple White'), ('Nike', 'KD 16'), ('Nike', 'Kobe 6'), ('Jordan', 'Luka 1'), ('Anta', 'Shock Wave 5 Pro Sun'), ('Nike', 'KD 15'), ('Anta', 'KAI 1 Yin Triple Black'), ('Anta', 'GH5')}"
Philadelphia 76ers,Lonnie Walker IV,Adidas,Harden Vol. 8,"{('Adidas', 'Harden Stepback 2'), ('Adidas', 'Harden Vol. 3'), ('Adidas', 'D Rose 1.5 Low'), ('Adidas', 'Harden Vol. 8'), ('Adidas', 'Exhibit A'), ('Adidas', 'Crazy 1'), ('Adidas', 'Harden Vol. 7'), ('Adidas', 'Harden Vol. 4'), ('Adidas', 'Harden B/E 3')}"
Philadelphia 76ers,Andre Drummond,Nike,LeBron XX Miami Heat,"{('Nike', 'Book 1'), ('Nike', 'LeBron XX Miami Heat'), ('Jordan', 'Air  10 Woodland Camo'), ('Nike', 'KD 14'), ('Jordan', 'Air  10'), ('Jordan', 'Jorda Dub Zero'), ('Nike', 'Air Force Max Low'), ('Jordan', 'Extra.Fly'), ('Nike', 'LeBron XX'), ('Jordan', 'Dub Zero'), ('Jordan', 'Air  10 Retro'), ('Nike', 'LeBron 22')}"
Philadelphia 76ers,Eric Gordon,Adidas,adizero Select 2.0,"{('Adidas', 'Pro Bounce 2019 Low'), ('Adidas', 'Pro Bounce 2018 Low'), ('Adidas', '2015 Crazylight Boost Primeknit'), ('Adidas', 'Crazy Explosive 2017'), ('Adidas', 'BYW Select'), ('Adidas', 'adizero Select 3.0'), ('Adidas', 'Crazylight Boost'), ('Adidas', 'Exhibit A'), ('Adidas', 'OwnTheGame'), ('Adidas', 'Pro Boost'), ('Adidas', 'Crazy Explosive'), ('Adidas', 'adizero Select 2.0'), ('Adidas', '2015 Crazylight Boost Primeknit Mid'), ('Adidas', 'Pro N3xt 2021')}"
Philadelphia 76ers,Guerschon Yabusele,Adidas,D.O.N. Issue 6,"{('Adidas', 'D.O.N. Issue 6 Like Water'), ('Adidas', 'D.O.N. Issue 6'), ('Adidas', 'D.O.N Issue 6 Triple White'), ('Adidas', 'Harden Vol. 8'), ('Adidas', 'Dame 4'), ('Adidas', 'Harden Vol. 7')}"
Philadelphia 76ers,Jared Butler,Nike,Kobe 6 Reverse Grinch,"{('Nike', 'Kobe 6 White Del Sol'), ('Nike', 'Air Zoom G.T. Cut 2'), ('Nike', 'Kobe 4 Protro'), ('Nike', 'Air Zoom G.T. Cut 3'), ('Puma', 'All-Pro Nitro'), ('Nike', 'Kyrie 5'), ('Nike', 'Kobe 6 Italian Camo'), ('Nike', 'Kobe 8'), ('Nike', 'Kobe 5'), ('Nike', 'Kyrie Low 5'), ('Nike', 'Kobe 6'), ('Nike', 'Air Zoom GT Cut'), ('Nike', 'Kobe 6 Grinch')}"
Philadelphia 76ers,Justin Edwards,Nike,Kobe 6 Grinch,"{('Nike', 'Kobe 5 Protro Year of the Mamba'), ('Nike', 'Kobe 6 WNBA'), ('Nike', 'Kobe 5 Zebra'), ('Nike', 'Kobe 6 Sail All-Star'), ('Nike', 'Kobe 4 Protro Philly'), ('Nike', 'Kobe 8'), ('Nike', 'Kobe 5'), ('Nike', 'Kobe 5 X-Ray'), ('Nike', 'Kobe 5 Undefeated')}"
Philadelphia 76ers,Kelly Oubre Jr.,Converse,All Star BB Trilliant CX,"{('Converse', 'All Star BB Evo Low'), ('Converse', 'All Star BB Shift Mid'), ('Converse', 'All Star BB Shift'), ('Converse', 'All Star BB Trilliant CX'), ('Converse', 'All Star BB Prototype CX')}"
Philadelphia 76ers,Adem Bona,Adidas,adizero Select 2.0,"{('Nike', 'G.T. Hustle 3'), ('Adidas', 'adizero Select 2.0'), ('Nike', 'Sabrina 2')}"
Philadelphia 76ers,Paul George,Nike,G.T. Cut Academy,"{('Nike', 'PG 2'), ('Nike', 'PG 1'), ('Nike', 'Hyperdunk 2015 PE'), ('Nike', 'G.T. Cut Academy By You'), ('Nike', 'Kobe 6'), ('Nike', 'Kobe X Low'), ('Nike', 'Kobe 4 Protro'), ('Nike', 'Kobe VII'), ('Nike', 'Kobe 8'), ('Nike', 'Hyperdunk 2015'), ('Nike', 'PG 1 PE'), ('Nike', 'Zoom HyperRev 2015 PE'), ('Nike', 'Kobe 5'), ('Nike', 'PG 2.5'), ('Nike', 'HyperChase PE'), ('Nike', 'PG 6'), ('Nike', 'Hyperdunk 2015 Low'), ('Nike', 'G.T. Cut Academy'), ('Nike', 'Kobe X')}"
Philadelphia 76ers,Tyrese Maxey,New Balance,Hesi Low V2,"{('New Balance', 'Two WXY 4'), ('Nike', 'KD 12'), ('Nike', 'Kobe 5 Protro'), ('New Balance', 'Hesi Low V2 Aime Leon Dore Pristine'), ('New Balance', 'Hesi Low V2'), ('New Balance', 'Two Wxy V3'), ('Nike', 'Air Zoom GT Cut')}"
Philadelphia 76ers,Alex Reese,Nike,Sabrina 1,set()
Philadelphia 76ers,Kyle Lowry,Adidas,D.O.N. Issue 6,"{('Adidas', 'CrazyLight Boost 2016 Low'), ('Adidas', '2015 Crazylight Boost Primeknit'), ('Adidas', 'D Rose 1.5 Low'), ('Adidas', 'AE1'), ('Adidas', 'Trae Young 1'), ('Adidas', 'Crazylight Boost Low 2016'), ('Adidas', 'Crazylight Boost'), ('Adidas', 'Crazy Explosive Low 2017'), ('Adidas', 'Crazylight Boost Low 2016 PE'), ('Adidas', 'Crazy Explosive Low'), ('Adidas', 'Pro Bounce'), ('Adidas', 'Gil Zero'), ('Adidas', 'D Rose Son of Chi'), ('Adidas', 'Harden Vol. 4'), ('Adidas', 'D.O.N. Issue 5')}"
Toronto Raptors,RJ Barrett,Puma,All-Pro Nitro,"{('Puma', 'Rise Nitro'), ('Nike', 'LeBron 15'), ('Nike', 'Kyrie 5'), ('Puma', 'Fusion Nitro'), ('Nike', 'Kyrie 4'), ('Puma', 'Clyde Hardwood'), ('Puma', 'Clyde All-Pro')}"
Toronto Raptors,Immanuel Quickley,Nike,Kobe 6,"{('Nike', 'Air Zoom G.T. Cut 2'), ('Nike', 'Kobe 6 WNBA'), ('Nike', 'PG 5'), ('Nike', 'KD 13'), ('Nike', 'Kobe 5'), ('Nike', 'LeBron XX'), ('Nike', 'Kobe 6'), ('Nike', 'Zoom Freak 3'), ('Nike', 'Air Zoom GT Cut')}"
Toronto Raptors,Jamal Shead,Nike,Sabrina 2 Mirrored,"{('Nike', 'Air Zoom G.T. Cut 3'), ('Nike', 'Sabrina 2 White Noise'), ('Nike', 'Sabrina 2 Court Vision'), ('Nike', 'Sabrina 2 Mirrored'), ('Rigorer', 'AR-1'), ('Adidas', 'Fear of God II'), ('Nike', 'Sabrina 2')}"
Toronto Raptors,Ja'Kobe Walter,Jordan,Air  39,"{('Jordan', 'Tatum 3 6th Man'), ('Jordan', 'Air  39 Sol'), ('Jordan', 'Tatum 3'), ('Jordan', 'Air  39')}"
Toronto Raptors,Gradey Dick,Adidas,Harden Vol. 7,"{('Adidas', 'Harden Vol. 3'), ('Adidas', 'D Rose 1.5 Low'), ('Adidas', 'D.O.N Issue 6 Triple White'), ('Adidas', 'Harden Vol. 7'), ('Adidas', 'Dame Certified'), ('Adidas', 'adizero Select 3.0')}"
Toronto Raptors,Scottie Barnes,Nike,Kyrie Infinity (Kyrie 8),"{('Nike', 'Kyrie 6'), ('Nike', 'Kyrie Infinity (Kyrie 8)'), ('Nike', 'Kyrie 7'), ('Nike', 'Kyrie 4 Kix'), ('Nike', 'Kyrie 5'), ('Nike', 'Kyrie 2'), ('Nike', 'Kyrie 4'), ('Nike', 'G.T. Hustle 2'), ('Nike', 'Kyrie S2 Hybrid'), ('Nike', 'Kyrie 7 Preheat Soundwave'), ('Nike', 'KD 3'), ('Nike', 'Kyrie Low 5'), ('Nike', 'Air Zoom GT Cut'), ('Nike', 'Kyrie Low 4')}"
Toronto Raptors,Jonathan Mogbo,Serious Player Only,Player 1,"{('Serious Player Only', 'Player 1'), ('Serious Player Only', 'Player 1 Plus Glaze')}"
Toronto Raptors,Garrett Temple,Nike,Book 1 Halloween,"{('Nike', 'Book 1 The Nightmare Before Christmas'), ('Nike', 'Book 1'), ('Nike', 'Book 1 Halloween'), ('Nike', 'Kobe 4 Protro'), ('Nike', 'Air Zoom G.T. Cut 2'), ('Nike', 'KD 12'), ('Nike', 'Kobe A.D.'), ('Nike', 'KD 14'), ('Nike', 'KD 16'), ('Nike', 'Kobe 6'), ('Nike', 'Book 1 Sedona'), ('Nike', 'KD 17'), ('Nike', 'KD 13'), ('Nike', 'PG 2.5'), ('Nike', 'KD 17 N7'), ('Nike', 'KD 15'), ('Nike', 'Kobe 9'), ('Nike', 'Zoom Freak 3')}"
Toronto Raptors,Orlando Robinson,Nike,Kobe 5 Protro Bruce Lee Alternate,"{('Jordan', 'Air  37 Low'), ('Nike', 'KD 4'), ('Nike', 'Ja 1'), ('Nike', 'LeBron NXXT Gen'), ('Adidas', 'AE1'), ('Jordan', 'Zoom Separate'), ('Jordan', 'One Take 3'), ('Jordan', 'Air  36'), ('Nike', 'Kobe 5'), ('Nike', 'KD 3')}"
Toronto Raptors,Jakob Poeltl,Nike,Kyrie 7,"{('Nike', 'Hyperdunk X'), ('Nike', 'Kyrie 7'), ('Nike', 'Kyrie Low 4'), ('Nike', 'Hyperdunk 2016')}"
Toronto Raptors,Brandon Ingram,Jordan,Air  39,"{('Jordan', 'Air  38 Low'), ('Adidas', 'T-Mac Millennium'), ('Nike', 'Kobe 4 Protro'), ('Nike', 'Kyrie 7'), ('Jordan', 'Zoom Separate'), ('Adidas', 'BYW X'), ('Nike', 'KD 14'), ('Adidas', 'Crazylight Boost Low 2016'), ('Adidas', 'Crazy Explosive Low'), ('Jordan', 'Air  37'), ('Adidas', 'Zoneboost'), ('Nike', 'KD 15'), ('Jordan', 'Air  38')}"
Toronto Raptors,Chris Boucher,Puma,MB.01,"{('Puma', 'MB.03'), ('Nike', 'PG 4'), ('Nike', 'Zoom LeBron Soldier 12'), ('Puma', 'Playmaker Pro Mid'), ('Nike', 'KD 11'), ('Puma', 'MB1'), ('Puma', 'Triple Mid'), ('Puma', 'Court Rider'), ('Nike', 'LeBron Soldier 13'), ('Puma', 'MB.04'), ('Puma', 'MB.02'), ('Puma', 'Court Rider Chaos'), ('Puma', 'Scoot 1'), ('Puma', 'MB.01 Low')}"
Toronto Raptors,Ulrich Chomche,New Balance,Fresh Foam BB v2,set()
Toronto Raptors,Ochai Agbaji,Nike,Kyrie 5,"{('Nike', 'Freak 5'), ('Nike', 'Kyrie 5'), ('Nike', 'Kyrie 7'), ('Nike', 'KD 16'), ('Nike', 'KD 3'), ('Nike', 'KD 15')}"
Toronto Raptors,A.J. Lawson,Nike,Kobe 6 Reverse Grinch,"{('Nike', 'PG 6'), ('Nike', 'Ja 1'), ('Nike', 'Kobe 6 Italian Camo'), ('Nike', 'Zoom Freak 4'), ('Nike', 'LeBron XX'), ('Nike', 'Sabrina 1'), ('Nike', 'Kobe 6'), ('Nike', 'PG 5')}"
Toronto Raptors,Jamison Battle,Nike,Sabrina 2,"{('Nike', 'Sabrina 2 Trust the Game'), ('Nike', 'Sabrina 2')}"
Atlanta Hawks,Garrison Mathews,Nike,Book 1 Rattlesnake,"{('Nike', 'Book 1'), ('Nike', 'PG 6'), ('Nike', 'KD 12'), ('Puma', 'Court Rider 2.0'), ('Nike', 'Zoom Freak 4'), ('Nike', 'LeBron XXI'), ('Nike', 'Renew Elevate 2')}"
Atlanta Hawks,Keaton Wallace,Nike,Book 1 The Nightmare Before Christmas,"{('Nike', 'Book 1'), ('Nike', 'Book 1 Rattlesnake')}"
Atlanta Hawks,Terance Mann,SKECHERS,SKX Nexus,"{('SKECHERS', 'SKX Float'), ('Anta', 'Shock Wave 4 Pro'), ('SKECHERS', 'SKX Resagrip Low'), ('Nike', 'Kobe AD Exodus'), ('Anta', 'Shock The Game 6'), ('Anta', 'Badao 2.0'), ('Anta', 'Z-Up 1'), ('Nike', 'Kyrie Low 3'), ('Anta', 'Shock The Game 5'), ('SKECHERS', 'SKX Resagrip'), ('SKECHERS', 'SKX Nexus'), ('Nike', 'Kyrie Low 2')}"
Atlanta Hawks,Dominick Barlow,Nike,Kobe 9 Elite Low Protro Halo,"{('Nike', 'Kobe 4 Protro'), ('Nike', 'Kobe 9 Low'), ('Nike', 'Kobe A.D.'), ('Nike', 'KD 14'), ('Nike', 'Kobe 8'), ('Nike', 'Kobe 4 Protro Girl Dad'), ('Nike', 'LeBron XX'), ('Nike', 'Kobe 6 Reverse Grinch'), ('Nike', 'Kobe 6'), ('Nike', 'Kyrie Low 4'), ('Nike', 'Air Zoom GT Cut')}"
Atlanta Hawks,Onyeka Okongwu,Adidas,Harden Vol. 8,"{('Nike', 'LeBron 17'), ('Adidas', 'Harden Vol. 8'), ('Adidas', 'Dame 8 EXTPLY'), ('Adidas', 'Dame 6'), ('Adidas', 'Dame 8'), ('Adidas', 'Dame 9'), ('Adidas', 'Dame 4'), ('Adidas', 'Dame 7')}"
Atlanta Hawks,Mouhamed Gueye,Nike,Book 1 Haven,"{('Nike', 'Book 1'), ('Nike', 'Kobe 9 Low'), ('Nike', 'JA 2 Nightmare'), ('Nike', 'Book 1 Rattlesnake'), ('Nike', 'LeBron XX'), ('Nike', 'Sabrina 1')}"
Atlanta Hawks,Zaccharie Risacher,Nike,Kobe 6 Sail All-Star,"{('Nike', 'Book 1'), ('Nike', 'Kobe 6 Sail All-Star'), ('Nike', 'G.T. Hustle 2'), ('Nike', 'Kobe 6 Reverse Grinch'), ('Nike', 'Kobe 6'), ('Nike', 'Book 1 Sunrise')}"
Atlanta Hawks,Dyson Daniels,Adidas,Dame 9,"{('Nike', 'Freak 6 Roses'), ('Nike', 'Freak 5'), ('Nike', 'Giannis Immortality 2'), ('Nike', 'Freak 6'), ('Nike', 'Zoom Freak 4'), ('Nike', 'Sabrina 1'), ('Nike', 'Kobe 6'), ('Nike', 'Zoom Freak 3')}"
Atlanta Hawks,Kevon Harris,Nike,Kobe 6,"{('Nike', 'Kobe 4 Protro'), ('Nike', 'Kobe 8'), ('Nike', 'LeBron XX'), ('Nike', 'Kyrie Low 5'), ('Nike', 'Kobe XI Low')}"
Atlanta Hawks,Georges Niang,Nike,Freak 6,"{('Nike', 'Freak 6 Roses'), ('Nike', 'Freak 5'), ('Nike', 'Kyrie 4'), ('Nike', 'Freak 6'), ('Nike', 'Zoom Freak 1'), ('Nike', 'Zoom Freak 2'), ('Nike', 'Zoom Freak 4'), ('Nike', 'Freak 6 Humility'), ('Nike', 'PG 5')}"
Other sneakers worn by Larry Nance Jr.,Larry Nance Jr.,Nike,LeBron 9,"{('Nike', 'LeBron 9'), ('Nike', 'Zoom Lebron Soldier 9'), ('Adidas', 'Explosive Bounce'), ('Adidas', 'Mad Bounce'), ('Jordan', 'Air  10'), ('Nike', 'Zoom Lebron 3'), ('Nike', 'LeBron 2'), ('Nike', 'LeBron 8'), ('Nike', 'LeBron 7'), ('Nike', 'PG 1'), ('Adidas', 'Crazy Explosive'), ('Jordan', 'Air  13 Retro'), ('Adidas', 'Marquee Boost'), ('Nike', 'G.T. Jump 2'), ('Nike', 'LeBron Soldier 11')}"
Atlanta Hawks,Kobe Bufkin,Nike,Kobe XI Low,"{('Nike', 'Kobe XI Low'), ('Nike', 'Air Zoom G.T. Cut 3')}"
Atlanta Hawks,Caris LeVert,Anta,KAI 1 Yin Triple Black,"{('Anta', 'KAI 1 Team'), ('Jordan', 'Luka 2'), ('Nike', 'Kyrie 6'), ('Nike', 'Kyrie Infinity (Kyrie 8)'), ('Nike', 'Kyrie 5'), ('Jordan', 'Air  36'), ('Anta', 'KAI 1'), ('Anta', 'KAI 1 Triple White'), ('Jordan', 'Air  35'), ('Nike', 'Kyrie 2'), ('Anta', 'KAI 1 Kai Feng'), ('Nike', 'Kyrie Low 5'), ('Anta', 'KAI 1 Yin Triple Black'), ('Nike', 'Kyrie Low 2')}"
Atlanta Hawks,Daeqwon Plowden,Nike,KD 3 Aunt Pearl,"{('Nike', 'KD 4 Galaxy')}"
Atlanta Hawks,Trae Young,Jordan,Air  39,"{('Adidas', 'Trae Unlimited 2'), ('Adidas', 'Trae Young 3'), ('Jordan', 'Air  39 Croix'), ('Adidas', 'Harden B/E 2'), ('Nike', 'Kyrie 3'), ('Jordan', 'Air  39'), ('Adidas', 'Trae Unlimited'), ('Jordan', 'Air  39 Sol'), ('Adidas', 'Trae Young 2.0')}"
Atlanta Hawks,Jalen Johnson,Nike,G.T. Hustle 3,"{('Nike', 'Book 1'), ('Nike', 'G.T. Hustle 3'), ('Nike', 'Kyrie 7'), ('Nike', 'LeBron NXXT Gen'), ('Nike', 'LeBron XX'), ('Nike', 'LeBron XXI')}"
Atlanta Hawks,Clint Capela,Nike,G.T. Hustle 3,"{('Nike', 'G.T. Hustle 3 Paige Bueckers'), ('Nike', 'G.T. Hustle 3'), ('Nike', 'Freak 5'), ('Nike', 'Kyrie 7'), ('Nike', 'Kobe AD Exodus'), ('Nike', 'Kobe A.D.'), ('Nike', 'Kobe 5 Protro'), ('Nike', 'Kyrie Low 1'), ('Nike', 'Kobe 5'), ('Nike', 'Zoom Freak 2'), ('Nike', 'Hyperdunk X Low'), ('Nike', 'Kobe X'), ('Nike', 'Zoom Freak 4'), ('Nike', 'Kyrie Low 5'), ('Nike', 'Zoom Freak 3'), ('Nike', 'Sabrina 2'), ('Nike', 'Kyrie Low 2')}"
Atlanta Hawks,VÃ­t KrejÄÃ­,Nike,Kobe 5 X-Ray,"{('Nike', 'Kobe 4 Protro'), ('Nike', 'Ja 1'), ('Nike', 'Kobe 8 Venice Beach'), ('Nike', 'Kobe 4 Protro Girl Dad'), ('Nike', 'Zoom Freak 4'), ('Nike', 'LeBron XX'), ('Nike', 'Kobe 6 Reverse Grinch'), ('Nike', 'Kobe 6'), ('Nike', 'Zoom Freak 3')}"
Charlotte Hornets,Taj Gibson,Nike,Lebron XXI James Gang,"{('Nike', 'Book 1'), ('Adidas', 'D Lillard 2.0'), ('Nike', 'Air Zoom G.T. Cut 2'), ('Nike', 'Air Zoom G.T. Cut 3'), ('Nike', 'Kobe A.D.'), ('Nike', 'Kyrie 5'), ('Adidas', 'D Rose 5 Boost'), ('Nike', 'Kobe 8 Mambacita'), ('Nike', 'Lebron XXI James Gang'), ('Nike', 'KD 16'), ('Nike', 'Kyrie 4'), ('Nike', 'G.T. Hustle 2'), ('Nike', 'LeBron XX'), ('Nike', 'LeBron XXI'), ('Nike', 'KD 15'), ('Nike', 'Kyrie Low 4')}"
Charlotte Hornets,Seth Curry,Under Armour,Curry 1 Low,"{('Under Armour', 'Curry 1 Low FloTro'), ('Under Armour', 'Spawn 4'), ('Under Armour', 'Curry Splash 24 Curry Jam'), ('Under Armour', 'Curry One Low'), ('Under Armour', 'Curry 3'), ('Under Armour', 'Curry Fox 1'), ('Under Armour', 'Curry 12'), ('Under Armour', 'Curry 1 Low'), ('Under Armour', 'Curry 6'), ('Under Armour', 'Spawn 3'), ('Under Armour', 'Curry Flow 8'), ('Under Armour', 'ClutchFit Drive Low 2'), ('Under Armour', 'Curry 7'), ('Under Armour', 'Curry Splash 24 Suede'), ('Under Armour', 'Curry One'), ('Under Armour', 'Curry 11'), ('Under Armour', 'Curry Splash 24')}"
Charlotte Hornets,Tre Mann,Nike,Book 1,"{('Nike', 'PG 6'), ('Nike', 'Kobe 4 Protro'), ('Nike', 'Kobe 7'), ('Nike', 'Air Zoom GT Cut'), ('Nike', 'Kobe 8'), ('Nike', 'Kyrie Low 4'), ('Nike', 'KD 3'), ('Nike', 'Zoom KD12'), ('Nike', 'KD 15'), ('Converse', 'All Star BB Shift'), ('Nike', 'Kobe XI Low'), ('Converse', 'All Star BB Trilliant CX'), ('Reebok', 'Answer 4')}"
Charlotte Hornets,Miles Bridges,Nike,Sabrina 2,"{('Nike', 'PG 4'), ('Puma', 'MB.03'), ('Nike', 'LeBron 16'), ('Nike', 'PG 3'), ('Nike', 'Sabrina 2 White Noise'), ('Nike', 'Sabrina 2 Conductor'), ('Nike', 'Sabrina 2 Court Vision'), ('Puma', 'MB.02 Low'), ('Puma', 'MB1'), ('Nike', 'Kobe 8'), ('Nike', 'Sabrina 2 United'), ('Nike', 'KD 15'), ('Nike', 'Sabrina 2')}"
Charlotte Hornets,KJ Simpson,Nike,Book 1 Sunrise,"{('Nike', 'Lebron XXI Conchiolin'), ('Jordan', 'Luka 3 Blurred Vision'), ('Jordan', 'Luka 3'), ('Nike', 'LeBron XXI'), ('Nike', 'Book 1 Sunrise')}"
Charlotte Hornets,Wendell Moore Jr.,Nike,Kobe 8 Mambacita,"{('Nike', 'Air Zoom G.T. Cut 2'), ('Nike', 'Kobe 4 Protro'), ('Nike', 'Air Zoom G.T. Cut 3'), ('Nike', 'Kyrie 7'), ('Nike', 'Air Zoom GT Cut'), ('Nike', 'Kyrie 1'), ('Nike', 'Kobe 6 Italian Camo'), ('Nike', 'Kobe 6 Sail All-Star'), ('Nike', 'Kobe 8'), ('Nike', 'Kobe 8 Protro EYBL'), ('Nike', 'Kobe 5'), ('Nike', 'LeBron XX'), ('Nike', 'Kobe 6 Reverse Grinch'), ('Nike', 'Kyrie Low 5'), ('Nike', 'Kobe 6'), ('Nike', 'Kyrie Low 4'), ('Nike', 'Zoom Freak 3'), ('Nike', 'Sabrina 2')}"
Charlotte Hornets,Brandon Miller,Nike,Kobe 8 Venice Beach,"{('Nike', 'Kobe 4 Protro'), ('Nike', 'Kobe 6 WNBA'), ('Nike', 'Kobe 8'), ('Nike', 'Kobe 5'), ('Nike', 'Kobe 6')}"
Charlotte Hornets,Josh Green,SKECHERS,SKX Nexus,"{('SKECHERS', 'SKX Float'), ('Nike', 'Book 1'), ('Nike', 'LeBron XX'), ('Nike', 'Air Zoom G.T. Cut 2'), ('Nike', 'Kobe 4 Protro'), ('SKECHERS', 'SKX Resagrip Low'), ('Nike', 'Air Zoom G.T. Cut 3'), ('Nike', 'KD 16'), ('Nike', 'Kobe 8'), ('Nike', 'Kobe 5'), ('Nike', 'KD 3'), ('Nike', 'Kyrie Low 3'), ('Nike', 'KD 15'), ('Nike', 'Sabrina 1'), ('Nike', 'Kobe 6'), ('SKECHERS', 'SKX Nexus')}"
Charlotte Hornets,Damion Baugh,Nike,KD 4 Scoring Title,"{('Nike', 'Kobe 9 Elite Christmas')}"
Charlotte Hornets,Nick Smith Jr.,New Balance,Two WXY v5,"{('New Balance', 'Kawhi 4 Transcend Greatness'), ('New Balance', 'Hesi Low'), ('New Balance', 'Two WXY 4'), ('New Balance', 'Two Wxy V3'), ('New Balance', 'Two WXY 5'), ('New Balance', 'Two WXY v5'), ('New Balance', 'Kawhi 3'), ('New Balance', 'Two WXY v5 Ultra Pink'), ('New Balance', 'Hesi Low V2'), ('New Balance', 'Fresh Foam BB v2'), ('New Balance', 'Fresh Foam BB'), ('New Balance', 'Kawhi 4')}"
Charlotte Hornets,Josh Okogie,Nike,Kobe 8 Venice Beach,"{('Nike', 'Book 1'), ('Nike', 'Air Zoom G.T. Cut 2'), ('Nike', 'Kobe 4 Protro'), ('Nike', 'Air Zoom G.T. Cut 3'), ('Nike', 'KD 4'), ('Nike', 'Zoom LeBron Soldier 11'), ('Nike', 'Air Zoom GT Cut'), ('Nike', 'Kobe 5 Protro'), ('Nike', 'Kobe 8'), ('Nike', 'PG 2'), ('Nike', 'KD 3'), ('Nike', 'KD 6'), ('Nike', 'Kobe 6'), ('Nike', 'Kobe XI Low'), ('Nike', 'Zoom Freak 3'), ('Nike', 'Sabrina 2')}"
Charlotte Hornets,Malachi Flynn,Nike,Kobe 5,"{('Nike', 'Kobe 4 Protro'), ('Nike', 'Kobe A.D.'), ('Nike', 'Air Zoom GT Cut'), ('Nike', 'Kobe 8'), ('Nike', 'Kobe 5'), ('Nike', 'Kobe 6'), ('Nike', 'Kobe XI Low'), ('Nike', 'Kobe 9 High Elite'), ('Nike', 'Kobe AD Mid')}"
Charlotte Hornets,Grant Williams,Jordan,Tatum 3,"{('Jordan', 'Luka 2'), ('Nike', 'Kobe AD NXT FF'), ('Jordan', 'Air  36'), ('Jordan', 'Air  36 Low'), ('Jordan', 'Tatum 2'), ('Jordan', 'Luka 1'), ('Nike', 'Hyperdunk X Low'), ('Jordan', 'Luka 3'), ('Jordan', 'Tatum 1'), ('Nike', 'PG 5')}"
Charlotte Hornets,LaMelo Ball,Puma,MB.03,"{('Puma', 'Clyde All-Pro'), ('Puma', 'MB1'), ('Puma', 'MB.03'), ('Puma', 'MB.02')}"
Charlotte Hornets,Mark Williams,Jordan,Air  39,"{('Jordan', 'Luka 2'), ('Jordan', 'Zion 2'), ('Jordan', 'Air  39'), ('Jordan', 'Luka 1'), ('Jordan', 'Tatum 1'), ('Jordan', 'Air  39 A Ma Maniere While You Were Sleeping'), ('Jordan', 'Air  37'), ('Jordan', 'Air  38')}"
Charlotte Hornets,DaQuan Jeffries,Nike,JA 2 Nightmare,"{('Nike', 'Kobe 4 Protro Gift of Mamba'), ('Nike', 'Kobe 4 Protro'), ('Nike', 'Air Zoom G.T. Cut 3'), ('Nike', 'Kobe 6 Italian Camo'), ('Nike', 'Kobe 6 Sail All-Star'), ('Nike', 'JA 2 Nightmare'), ('Nike', 'LeBron XX'), ('Nike', 'Sabrina 1'), ('Nike', 'Kobe 6')}"
Charlotte Hornets,Tidjane Salaun,Nike,Kobe 5 Protro Year of the Mamba,"{('Nike', 'Kobe 4 Protro'), ('Nike', 'Kobe 4 Protro Mambacita'), ('Nike', 'Kobe 5'), ('Nike', 'Kobe 5 X-Ray'), ('Nike', 'LeBron XXI')}"
Charlotte Hornets,Jusuf NurkiÄ‡,Nike,LeBron XX Mimi Plange Ceremony,"{('Nike', 'Book 1'), ('Nike', 'Zoom Rev 2018'), ('Nike', 'Hypershift'), ('Nike', 'Kobe A.D.'), ('Nike', 'KD 9'), ('Nike', 'KD 16'), ('Nike', 'Kobe X All-Star'), ('Nike', 'Hyperdunk X'), ('Nike', 'KD 17'), ('Nike', 'LeBron 18'), ('Nike', 'Book 1 Rattlesnake'), ('Nike', 'KD 3'), ('Nike', 'LeBron XX'), ('Nike', 'Sabrina 1'), ('Nike', 'KD 15')}"
Charlotte Hornets,Moussa DiabatÃ©,Nike,Kobe 8 Mambacita,"{('Nike', 'Cosmic Unity 3'), ('Nike', 'Kyrie Infinity (Kyrie 8)'), ('Nike', 'G.T. Hustle 2'), ('Nike', 'Kobe 8'), ('Nike', 'KD 15'), ('Nike', 'Kyrie Low 4'), ('Nike', 'Sabrina 2')}"
Miami Heat,Andrew Wiggins,Peak,AW1,"{('Adidas', '2015 Crazylight Boost Primeknit'), ('Peak', 'AW2 Talent-2'), ('Peak', 'AW3'), ('Adidas', '2015 Crazylight Boost Primeknit PE'), ('Adidas', 'Crazylight Boost PE'), ('Peak', 'AW Talent-1'), ('Adidas', 'Crazy Explosive Low'), ('Adidas', 'Crazy Explosive'), ('Adidas', '2015 Crazylight Boost Primeknit ""Rookie of the year""'), ('Peak', 'AW1'), ('Peak', 'AW2'), ('Adidas', 'Crazy Explosive PE')}"
Miami Heat,Alec Burks,Jordan,Air  39 Croix,"{('Adidas', '2015 Crazylight Boost Primeknit'), ('Adidas', 'Crazylight Boost'), ('Adidas', 'Crazylight Boost Low 2016'), ('Adidas', 'Dame 8'), ('Adidas', 'Dame 7 EXTPLY'), ('Adidas', 'adizero Select 2.0')}"
Miami Heat,Keshad Johnson,Nike,Kobe 8,"{('Nike', 'KD 3'), ('Nike', 'KD 17'), ('Nike', 'LeBron NXXT Gen AMPD')}"
Miami Heat,Isaiah Stevens,,,set()
Miami Heat,Pelle Larsson,Nike,Air Zoom G.T. Cut 3,"{('Nike', 'Air Zoom G.T. Cut 3'), ('Nike', 'Sabrina 2 White Noise'), ('Nike', 'Sabrina 2 By You'), ('Nike', 'Sabrina 2 Relentless'), ('Nike', 'Sabrina 2')}"
Miami Heat,Terry Rozier,SKECHERS,SKX Nexus,"{('Puma', 'Clyde All-Pro'), ('Nike', 'Kobe 7'), ('Nike', 'Kobe 6'), ('Nike', 'Kobe X Low'), ('SKECHERS', 'SKX Nexus'), ('SKECHERS', 'SKX Float'), ('Nike', 'Kobe 4 Protro'), ('SKECHERS', 'SKX Resagrip Low'), ('Nike', 'KD 4'), ('Puma', 'Fusion Nitro'), ('Nike', 'Kobe 8'), ('Adidas', 'Dame 3'), ('Puma', 'Court Rider Chaos'), ('Puma', 'Rise Nitro'), ('Nike', 'Kobe 1 Protro'), ('Jordan', 'Air  XXI'), ('Puma', 'Playmaker Pro'), ('Puma', 'Uproar'), ('Nike', 'Kyrie 4'), ('Puma', 'TRC Blaze'), ('Puma', 'Clyde Hardwood'), ('Nike', 'Kobe 5'), ('Nike', 'KD 3'), ('Puma', 'Stewie 1'), ('Puma', 'Clyde Court Disrupt'), ('Nike', 'Kobe XI Low'), ('Nike', 'LeBron 9'), ('Nike', 'Kyrie 7'), ('Nike', 'Kobe 9 Low'), ('Puma', 'MB1'), ('Adidas', 'Crazy Explosive Low'), ('Nike', 'Kyrie 1'), ('Puma', 'MB.01 Low')}"
Miami Heat,Kel'el Ware,Nike,Sabrina 2,"{('Nike', 'Kobe 8'), ('Nike', 'Kobe 5'), ('Nike', 'Sabrina 2 By You'), ('Nike', 'Sabrina 2 United'), ('Nike', 'Sabrina 2')}"
Miami Heat,Josh Christopher,Jordan,Zion 3 Pink Lotus,"{('Jordan', 'Air  37 Low'), ('Jordan', 'Air  36'), ('Jordan', 'Zion 3 Pink Lotus'), ('Jordan', 'Air  36 Low'), ('Jordan', 'Air  XX9'), ('Jordan', 'Air  39'), ('Jordan', 'Luka 1'), ('Jordan', 'Air  XX8'), ('Jordan', 'One Take 4'), ('Jordan', 'Why Not? Zer0.6'), ('Jordan', 'Heir'), ('Jordan', 'Zion 3')}"
Miami Heat,Dru Smith,Nike,Kyrie Low 4,"{('Nike', 'KD 16'), ('Nike', 'KD 15')}"
Miami Heat,Kevin Love,Nike,G.T. Hustle 3,"{('Nike', 'Air Zoom GT Run'), ('Nike', 'Hyperdunk 2016 PE'), ('Nike', 'Hyperdunk X'), ('Nike', 'Zoom Rize'), ('Nike', 'G.T. Hustle 2'), ('Nike', 'Air Zoom BB NXT'), ('Nike', 'Hyperdunk 2015'), ('361Â°', 'Kevin Love Combat PE')}"
Miami Heat,Nikola JoviÄ‡,Adidas,AE1 Low Nicks Gift,"{('Adidas', 'BYW Select'), ('Adidas', 'Harden Vol. 3'), ('Adidas', 'D.O.N. Issue 6'), ('Adidas', 'Dame 6'), ('Adidas', 'AE1 Low'), ('Adidas', 'Dame 9')}"
Miami Heat,Davion Mitchell,Under Armour,Curry Fox 1,"{('Under Armour', 'Curry Fox 1'), ('Nike', 'Kobe 7'), ('Nike', 'Kobe 6'), ('Under Armour', 'Curry 11'), ('Nike', 'LeBron XX'), ('Under Armour', 'Curry 1 Low FloTro'), ('Nike', 'Kobe 4 Protro'), ('Nike', 'Air Zoom G.T. Cut 2'), ('Nike', 'Kobe 8'), ('Nike', 'Air Zoom GT Cut'), ('Under Armour', 'Curry 6 FloTro The City'), ('Nike', 'Kobe 5'), ('Nike', 'KD 3'), ('Under Armour', 'Curry Flow 10'), ('Under Armour', 'Curry 2 Low FloTro'), ('Under Armour', 'Curry 12'), ('Nike', 'Kobe XI Low'), ('Nike', 'PG 6'), ('Nike', 'Kobe 9 Low'), ('Under Armour', 'Curry 4 Low FloTro'), ('Under Armour', 'Curry 4 FloTro'), ('Under Armour', 'Curry 12 Year of the Snake'), ('Nike', 'Kyrie 1'), ('Nike', 'Kobe 5 Protro')}"
Miami Heat,Bam Adebayo,Jordan,Air  39,"{('Jordan', 'Air  38 Low'), ('Jordan', 'Air  37 Low'), ('Jordan', 'Air  39 Croix'), ('Nike', 'Kobe 4 Protro'), ('Nike', 'Air Zoom G.T. Cut 3'), ('Jordan', 'One Take II'), ('Jordan', 'Air  36 Low'), ('Jordan', 'Air  39'), ('Nike', 'Kobe 5'), ('Nike', 'G.T. Cut Academy'), ('Nike', 'Zoom Freak 2'), ('Jordan', 'One Take 4'), ('Jordan', 'Air  35 Low'), ('Jordan', 'Why Not? Zer0.6'), ('Jordan', 'Air  7 Retro'), ('Jordan', 'Air  39 Sol'), ('Nike', 'Kobe 6'), ('Nike', 'Kobe 5 Protro')}"
Miami Heat,Jaime Jaquez Jr.,Jordan,Air  39,"{('Jordan', 'Air  38 Low'), ('Jordan', 'Luka 2'), ('Jordan', 'Air  39 Croix'), ('Jordan', 'Air  39'), ('Jordan', 'Air  38')}"
Miami Heat,Tyler Herro,Nike,Sabrina 2,"{('Nike', 'Book 1'), ('Nike', 'PG 6'), ('Nike', 'Air Zoom G.T. Cut 2'), ('Nike', 'Air Zoom G.T. Cut 3'), ('Nike', 'Sabrina 2 SLAM'), ('Nike', 'Kobe 8'), ('Nike', 'Zoom Freak 1'), ('Nike', 'Sabrina 2 By You'), ('Nike', 'KD 3'), ('Nike', 'Sabrina 1'), ('Nike', 'PG 5'), ('Nike', 'Air Zoom GT Cut'), ('Nike', 'Sabrina 2')}"
Miami Heat,Duncan Robinson,Nike,Kobe 6 Reverse Grinch,"{('Nike', 'PG 6'), ('Nike', 'KD 12'), ('Nike', 'Air Zoom G.T. Hustle 2 All-Star More Uptempo'), ('Nike', 'Precision 6'), ('Nike', 'KD 14'), ('Nike', 'G.T. Hustle 2'), ('Nike', 'Zoom Freak 4'), ('Nike', 'LeBron XX'), ('Nike', 'Kobe 6'), ('Nike', 'PG 3')}"
Miami Heat,Haywood Highsmith,Nike,Kobe 5 Protro Year of the Mamba,"{('Nike', 'PG 6'), ('Nike', 'Kobe 4 Protro Gift of Mamba'), ('Nike', 'Kobe 4 Protro'), ('Nike', 'Kobe 5 Protro Year of the Mamba'), ('Nike', 'Kobe 8'), ('Nike', 'Kobe 5'), ('Nike', 'Kobe 5 X-Ray'), ('Nike', 'Sabrina 1'), ('Nike', 'Kobe 6 Reverse Grinch'), ('Nike', 'Kobe 6'), ('Nike', 'Kobe 6 Black Mamba Collection Fade to Black'), ('Nike', 'Kobe 5 Protro')}"
Miami Heat,Kyle Anderson,Nike,Kobe 8 Protro EYBL,"{('Nike', 'Kobe 6 White Del Sol'), ('Nike', 'Kobe 4 Protro'), ('Nike', 'Kobe 6 WNBA'), ('Nike', 'Kobe 9 Low'), ('Nike', 'Ja 1'), ('Nike', 'Kobe 6 BHM'), ('Nike', 'Kobe AD Exodus'), ('Nike', 'Kobe 6 Italian Camo'), ('Nike', 'Kobe 6'), ('Adidas', 'D Rose 773 III'), ('Nike', 'Kobe 8'), ('Nike', 'Kobe 5'), ('Nike', 'Kobe 6 Reverse Grinch'), ('Nike', 'Kobe 8 Protro Halo'), ('Nike', 'Kobe X Low'), ('Nike', 'Kobe 5 PJ Tucker')}"
Orlando Magic,Mac McClung,Puma,TRC Blaze,set()
Orlando Magic,Cory Joseph,Nike,Book 1 Rattlesnake,"{('Nike', 'Book 1 The Nightmare Before Christmas'), ('Nike', 'Book 1'), ('Nike', 'PG 4'), ('Nike', 'LeBron NXXT Gen'), ('Nike', 'KD 16'), ('Nike', 'Kyrie 2'), ('Nike', 'Kyrie Low 1'), ('Nike', 'PG 2.5'), ('Nike', 'Zoom Freak 4'), ('Nike', 'Lebron Soldier 10'), ('Nike', 'Zoom Soldier VIII')}"
Orlando Magic,Kentavious Caldwell-Pope,361Â°,361 Super Nova 2.0,"{('361Â°', '361 Super Nova 2.0 Pro Water Ripple'), ('361Â°', '361 Big3 Future'), ('Nike', 'Kyrie 3'), ('Nike', 'Zoom Freak 1'), ('Nike', 'PG 1'), ('Nike', 'Kobe 6'), ('361Â°', '361 AG5'), ('361Â°', '361 Big3 5.0 Quick Pro'), ('Nike', 'KD 15'), ('361Â°', '361 Big3 5.0'), ('Nike', 'Kobe 4 Protro'), ('Nike', 'LeBron 16'), ('Nike', 'KD 11'), ('361Â°', '361 Super Nova 2.0'), ('Nike', 'Kobe 8'), ('Nike', 'Lebron 12 ""What if""'), ('Nike', 'Sabrina 1'), ('361Â°', '361 BiospeedBB'), ('Nike', 'Kyrie Low 4'), ('361Â°', '361 Super Nova 1.0 Pro'), ('Jordan', 'Air  10 Steel'), ('Nike', 'Kobe 5'), ('Nike', 'Kyrie Low 5'), ('Nike', 'PG 6'), ('Nike', 'Kyrie 7'), ('Nike', 'Zoom Lebron Soldier 9'), ('Nike', 'Ja 1'), ('361Â°', '361 Big3 4.0 Switch Pro'), ('Nike', 'Air Foamposite One'), ('361Â°', '361 Big3 4.0 Quick Pro'), ('Nike', 'Hyperdunk 2016 Flyknit'), ('Nike', 'Zoom Freak 4'), ('Nike', 'LeBron XX'), ('Nike', 'Kobe X'), ('Nike', 'Kobe 5 Protro')}"
Orlando Magic,Moritz Wagner,Jordan,Air  39,"{('Jordan', 'Air  Retro 11'), ('Jordan', 'Air  36'), ('Jordan', 'Air  34'), ('Jordan', 'React Elevation'), ('Nike', 'LeBron XXI'), ('Jordan', 'Air  33')}"
Orlando Magic,Gary Harris,Nike,Book 1 Forrest Gump Cortez,"{('Nike', 'Kobe AD Exodus'), ('Nike', 'PG 2'), ('Nike', 'PG 1'), ('Nike', 'Book 1 Forrest Gump Cortez'), ('Nike', 'Kobe 6'), ('Nike', 'Kobe 9 Elite Low Protro Halo'), ('Nike', 'Kobe X Low'), ('Nike', 'PG 5'), ('Nike', 'Kobe 9'), ('Nike', 'Kobe 6 Mambacita Sweet 16'), ('Nike', 'Kobe 4 Protro'), ('Nike', 'Kobe 6 Sail All-Star'), ('Nike', 'Kobe 8'), ('Nike', 'Book 1 Haven'), ('Nike', 'Kobe 5'), ('Nike', 'Kobe XI Low'), ('Nike', 'Book 1'), ('Nike', 'Kobe 6 WNBA'), ('Nike', 'Kobe 9 Low'), ('Nike', 'Kobe A.D.'), ('Nike', 'LeBron XX'), ('Nike', 'Kobe X')}"
Orlando Magic,Trevelin Queen,Nike,Kobe 7,"{('Nike', 'PG 6'), ('Nike', 'Kobe 9 Low'), ('Nike', 'KD 4'), ('Adidas', 'Harden Vol. 8'), ('Jordan', 'Air  10'), ('Nike', 'Kobe 8'), ('Nike', 'Kobe 9 EM Low Easter'), ('Nike', 'Kobe 5'), ('Nike', 'Zoom Freak 4'), ('Adidas', 'Harden Vol. 7'), ('Nike', 'Kobe 6')}"
Orlando Magic,Jonathan Isaac,Judah,1 Ruach,"{('Judah', '1 Low'), ('Judah', '1'), ('Nike', 'Kyrie 5'), ('Judah', '1 Lion of')}"
Orlando Magic,Jalen Suggs,Adidas,Harden Vol. 9 Cyber Metallic,"{('Adidas', 'Harden Vol. 9'), ('Adidas', 'DON Issue #3'), ('Adidas', 'Harden Vol. 8'), ('Adidas', 'Dame 8'), ('Adidas', 'Harden Vol. 6'), ('Adidas', 'Dame 9'), ('Nike', 'PG 1'), ('Adidas', 'Harden Vol. 7'), ('Adidas', 'D.O.N. Issue 4')}"
Orlando Magic,Ethan Thompson,,,set()
Orlando Magic,Tristan da Silva,Nike,Air Zoom G.T. Cut 3,"{('Nike', 'Book 1'), ('Nike', 'Air Zoom G.T. Cut 3'), ('Nike', 'Ja 1'), ('Nike', 'JA 2 In the Woods'), ('Nike', 'JA 2 Foundation'), ('Nike', 'Kobe 8 Mambacita'), ('Nike', 'Kobe 6 Sail All-Star'), ('Nike', 'Kobe 8'), ('Nike', 'Kobe 5'), ('Adidas', 'Dame 9'), ('Nike', 'Kobe 5 X-Ray'), ('Nike', 'LeBron XX'), ('Nike', 'Kobe 6')}"
Orlando Magic,Jett Howard,Jordan,Air  39,"{('Jordan', 'Air  38 Low'), ('Jordan', 'Air  12 Retro'), ('Jordan', 'Luka 2'), ('Jordan', 'Tatum 3'), ('Jordan', 'Air  36 Low'), ('Jordan', 'Air  39'), ('Jordan', 'CP3.11'), ('Jordan', 'Tatum 3 6th Man'), ('Jordan', 'Tatum 3 Zen'), ('Jordan', 'Zion 3 NRG Rising'), ('Jordan', 'Zion 3')}"
Orlando Magic,Cole Anthony,Adidas,D.O.N. Issue 6,"{('Adidas', 'Dame Certified 2.0'), ('Adidas', 'adizero Select'), ('Adidas', 'AE1'), ('Adidas', 'D.O.N Issue 6 Triple White'), ('Adidas', 'D.O.N. Issue 6'), ('Adidas', 'Harden Vol. 8'), ('Adidas', 'Exhibit A Mid'), ('Adidas', 'Exhibit A'), ('Nike', 'KD 13'), ('Jordan', 'Why Not Zer0.1')}"
Orlando Magic,Paolo Banchero,Jordan,Air  39,"{('Jordan', 'Luka 2'), ('Jordan', 'Air  38 Low'), ('Jordan', 'Air  37 Low'), ('Nike', 'Kyrie 7'), ('Jordan', 'Air  36'), ('Jordan', 'Zion 2'), ('Jordan', 'Tatum 3'), ('Jordan', 'Air  39'), ('Jordan', 'Tatum 3 6th Man'), ('Jordan', 'Tatum 2'), ('Jordan', 'Luka 1'), ('Jordan', 'Tatum 1'), ('Jordan', 'Air  37'), ('Jordan', 'Air  38')}"
Orlando Magic,Anthony Black,Nike,Sabrina 2,"{('Nike', 'Kobe 4 Protro'), ('Nike', 'Air Zoom G.T. Cut 3'), ('Nike', 'Kobe 5 Protro Year of the Mamba'), ('Nike', 'Kobe 9 Low'), ('Nike', 'Freak 5'), ('Nike', 'Sabrina 2 White Noise'), ('Nike', 'KD 16'), ('Nike', 'KD 4'), ('Nike', 'KD 5 Elite'), ('Nike', 'Kobe 8 Venice Beach'), ('Nike', 'Kobe 8'), ('Nike', 'Kobe 5'), ('Nike', 'KD 16 By You'), ('Nike', 'LeBron XX'), ('Nike', 'Sabrina 1'), ('Nike', 'Kobe 6'), ('Nike', 'Kobe 9 Elite Low Protro Halo'), ('Nike', 'Sabrina 2')}"
Orlando Magic,Caleb Houstan,Nike,KD 16 B.A.D.,"{('Nike', 'PG 6'), ('Nike', 'KD 16'), ('Nike', 'G.T. Hustle 2'), ('Nike', 'KD 16 Triple Black')}"
Orlando Magic,Wendell Carter Jr.,Nike,Zoom Freak 3,"{('Nike', 'KD 16'), ('Judah', '1 Low'), ('Nike', 'KD 17'), ('Nike', 'Zoom Freak 1'), ('Nike', 'Zoom Freak 2'), ('Nike', 'PG 2.5'), ('Nike', 'Zoom Freak 3 NRG Uno Red'), ('Nike', 'Zoom Freak 4'), ('Nike', 'Hyperdunk 2017'), ('Nike', 'Zoom Freak 3')}"
Orlando Magic,Franz Wagner,Nike,Book 1 Rattlesnake,"{('Nike', 'Book 1'), ('Nike', 'PG 6'), ('Nike', 'Ja 1'), ('Nike', 'KD 16'), ('Nike', 'Book 1 Haven'), ('Nike', 'Book 1 Rattlesnake'), ('Jordan', 'CP3.12'), ('Nike', 'PG 5')}"
Orlando Magic,Goga Bitadze,Nike,Kobe 6 Sail All-Star,"{('Adidas', 'Crazy Explosive 2017'), ('Adidas', 'Marquee Boost'), ('Nike', 'Cosmic Unity'), ('Nike', 'Kobe 6 Sail All-Star'), ('Nike', 'Kobe 5'), ('Adidas', 'DON Issue #2'), ('Nike', 'Kobe 5 Protro Undefeated Hall of Fame'), ('Nike', 'Kobe 6')}"
Washington Wizards,Justin Champagnie,Nike,Kobe 6 Sail All-Star,"{('Nike', 'PG 6'), ('Nike', 'Air Zoom G.T. Cut 2'), ('Nike', 'Kobe 4 Protro'), ('Nike', 'Air Zoom G.T. Cut 3'), ('Nike', 'Kobe 6 Sail All-Star'), ('Nike', 'Sabrina 1'), ('Nike', 'Kyrie Low 5'), ('Nike', 'Kobe 6'), ('Nike', 'Kobe XI Low')}"
Washington Wizards,Richaun Holmes,Nike,Kyrie Low 4,"{('Nike', 'LeBron 15'), ('Nike', 'Zoom LeBron Soldier 12'), ('Nike', 'Lebron Soldier 10'), ('Nike', 'Zoom Freak 1'), ('Nike', 'Zoom Freak 2'), ('Nike', 'Zoom Freak 4'), ('Nike', 'Kyrie Low 5'), ('Nike', 'Kyrie Low 4')}"
Washington Wizards,Kyshawn George,Nike,Air Zoom G.T. Cut 3,"{('Nike', 'Sabrina 1'), ('Nike', 'Sabrina 2')}"
Washington Wizards,Jaylen Martin,Nike,Kobe 6 Grinch,"{('Nike', 'Kobe 6')}"
Washington Wizards,Corey Kispert,Nike,Sabrina 2,"{('Nike', 'PG 6'), ('Nike', 'PG 4'), ('Nike', 'PG 5'), ('Nike', 'Ja 1'), ('Nike', 'Sabrina 2 White Noise'), ('Nike', 'Sabrina 2 Trust the Game'), ('Nike', 'Sabrina 1'), ('Nike', 'LeBron XXI'), ('Nike', 'Kobe 6'), ('Nike', 'Sabrina 2')}"
Washington Wizards,AJ Johnson,Adidas,adizero Select 3.0,"{('Adidas', 'Dame 9'), ('Adidas', 'Crazy BYW 2.0'), ('Adidas', 'adizero Select 2.0')}"
Washington Wizards,Marcus Smart,Puma,All-Pro Nitro Mexico,"{('Adidas', 'Futurestar Boost'), ('Puma', 'All-Pro Nitro'), ('Puma', 'Playmaker Pro'), ('Puma', 'Fusion Nitro'), ('Puma', 'TRC Blaze'), ('Puma', 'Clyde Hardwood'), ('Puma', 'Court Rider 2.0'), ('Adidas', 'D Lillard 2'), ('Puma', 'Clyde All-Pro')}"
Washington Wizards,Saddiq Bey,Nike,Kobe 6,"{('Nike', 'Kobe 6 Protro'), ('Nike', 'Kobe 6'), ('Nike', 'KD 13'), ('Nike', 'Kobe 5 Protro')}"
Washington Wizards,Jordan Poole,Nike,Air Zoom G.T. Cut 3,"{('Nike', 'Kobe 6 Protro'), ('Nike', 'Air Zoom G.T. Cut 2'), ('Nike', 'Zoom Freak 1'), ('Nike', 'Sabrina 1'), ('Nike', 'Kobe 6'), ('Nike', 'Kobe XI Low'), ('Nike', 'Kobe 5 Protro')}"
Washington Wizards,Anthony Gill,Nike,Air Zoom G.T. Cut 3,"{('Nike', 'LeBron XX'), ('Nike', 'LeBron XXI'), ('Nike', 'PG 5')}"
Washington Wizards,Alex Sarr,Tarmak,Fast 900 Low-1,"{('Nike', 'Kobe 6')}"
Washington Wizards,Colby Jones,Nike,Air Zoom G.T. Cut 3 Blueprint,"{('Nike', 'Air Zoom G.T. Cut 2'), ('Nike', 'Kobe 4 Protro'), ('Nike', 'Air Zoom G.T. Cut 3'), ('Nike', 'Ja 1'), ('Nike', 'LeBron NXXT Gen'), ('Nike', 'Kobe 8'), ('Nike', 'KD 15'), ('Nike', 'Kobe 6'), ('Nike', 'Sabrina 2')}"
Washington Wizards,Khris Middleton,Nike,Air Zoom G.T. Cut 3 Turbo,"{('Nike', 'Air Zoom G.T. Cut 2'), ('Nike', 'Air Zoom G.T. Cut 3'), ('Nike', 'Zoom Live 2'), ('Nike', 'Hyperdunk 2016 Low'), ('Nike', 'Zoom HyperRev 2016'), ('Nike', 'G.T. Hustle 2'), ('Nike', 'Kobe 5'), ('Nike', 'Hyperdunk X Low'), ('Nike', 'Air Force Max Low'), ('Nike', 'PG 1'), ('Nike', 'Zoom HyperRev 2015'), ('Nike', 'Kobe 6'), ('Nike', 'Kobe 5 Protro')}"
Washington Wizards,Bilal Coulibaly,Jordan,Tatum 3 Year of the Snake,"{('Jordan', 'Tatum 3 St. Louis'), ('Nike', 'Air Zoom G.T. Cut 2'), ('Jordan', 'Zion 3'), ('Jordan', 'Tatum 3 Welcome to the Garden Alternate'), ('Nike', 'Air Zoom G.T. Cut 3'), ('Nike', 'Kobe 4 Protro'), ('Jordan', 'Zion 3 Pink Lotus'), ('Jordan', 'Tatum 2 Lemonade'), ('Jordan', 'Tatum 3'), ('Nike', 'Kobe 8'), ('Jordan', 'Tatum 3 6th Man'), ('Jordan', 'Tatum 2'), ('Nike', 'KD 3'), ('Nike', 'Kobe 6'), ('Nike', 'Air Zoom GT Cut'), ('Jordan', 'Tatum 3 Year of the Snake')}"
Washington Wizards,Malcolm Brogdon,Nike,Zoom Freak 1,"{('Nike', 'KD 9')}"
Washington Wizards,Jalen McDaniels,Nike,KD 4 Nerf,"{('Nike', 'LeBron XX'), ('Nike', 'Kobe 1 Protro'), ('Nike', 'Kobe 4 Protro'), ('Nike', 'Air Zoom G.T. Cut 2'), ('Nike', 'KD 13'), ('Nike', 'Kobe 8'), ('Nike', 'Kobe 5'), ('Nike', 'PG 2.5'), ('Nike', 'KD 3'), ('Nike', 'KD 15'), ('Nike', 'Kobe 6'), ('Nike', 'KD 4 Christmas')}"
Washington Wizards,Tristan Vukcevic,Nike,Kobe 5 Big Stage,"{('Nike', 'Kobe 8'), ('Nike', 'Kobe 8 Venice Beach'), ('Nike', 'Kobe 5'), ('Nike', 'KD 15'), ('Nike', 'LeBron XX'), ('Nike', 'Kobe 6 Reverse Grinch'), ('Nike', 'Kobe 6'), ('Nike', 'Zoom Freak 3')}"
Washington Wizards,Bub Carrington,Anta,KAI 1,"{('Nike', 'JA 2 Purple Sky'), ('Nike', 'Air Zoom G.T. Cut 3'), ('Anta', 'KAI 1 Speed Young at Heart'), ('Nike', 'Sabrina 2 White Noise'), ('Anta', 'KAI 1'), ('Nike', 'KD 17'), ('Nike', 'JA 2 Nightmare'), ('741 Performance', 'Rover'), ('Nike', 'Kobe 5'), ('Nike', 'JA 2'), ('Anta', 'KAI 1 Yin Triple Black'), ('Nike', 'Sabrina 2')}"
Chicago Bulls,Nikola Vucevic,Nike,Sabrina 2 By You,"{('Nike', 'PG 6'), ('Nike', 'Kyrie 7'), ('Nike', 'KD 14'), ('Nike', 'G.T. Hustle 2'), ('Nike', 'Zoom Freak 1'), ('Nike', 'Lebron Soldier 10'), ('Nike', 'Zoom Soldier VIII'), ('Nike', 'Sabrina 2')}"
Chicago Bulls,Lonzo Ball,Nike,Kobe 6 All-Star,"{('Nike', 'Kobe 6 Mambacita Sweet 16'), ('Nike', 'Kobe 4 Protro'), ('Nike', 'Kobe 5'), ('Nike', 'Kobe 5 Black Mamba Collection Fade to Black'), ('Big Baller Brand', 'ZO2.19'), ('Nike', 'Kobe 5 Big Stage'), ('Nike', 'Kobe 6'), ('Nike', 'Kobe 5 Protro')}"
Chicago Bulls,E.J. Liddell,Nike,Book 1,"{('Nike', 'KD 16'), ('Nike', 'Kobe 6'), ('Nike', 'Kobe 8'), ('Nike', 'KD 3'), ('Nike', 'LeBron XXI'), ('Nike', 'LeBron Witness 8')}"
Chicago Bulls,Jahmir Young,,,set()
Chicago Bulls,Jalen Smith,Nike,Sabrina 2 White Noise,"{('Nike', 'Book 1'), ('Nike', 'PG 6'), ('Nike', 'Kyrie 6'), ('Nike', 'Kobe 4 Protro'), ('Nike', 'Sabrina 2 White Noise'), ('Nike', 'Sabrina 2 Mirrored'), ('Nike', 'Kobe 5'), ('Nike', 'Sabrina 2 Trust the Game'), ('Nike', 'Kobe 6'), ('Nike', 'Sabrina 2')}"
Chicago Bulls,Jevon Carter,Nike,Air Zoom G.T. Cut 3,"{('Nike', 'G.T. Hustle 2'), ('Nike', 'Zoom Freak 2'), ('Nike', 'LeBron XXI'), ('Nike', 'Kyrie 8'), ('Nike', 'Giannis Immortality'), ('Nike', 'Kobe AD Mid'), ('Nike', 'Sabrina 1'), ('Nike', 'Air Zoom GT Cut'), ('Nike', 'LeBron NXXT Gen'), ('Nike', 'Kobe A.D. Low 2017'), ('And1', 'Attack Low'), ('Nike', 'Kyrie Low 5'), ('Nike', 'Book 1'), ('Nike', 'Freak 5'), ('Nike', 'Air Zoom G.T. Cut 3'), ('Nike', 'Ja 1'), ('Nike', 'Air Zoom G.T. Cut 3 Electric'), ('Nike', 'Kyrie Low 3'), ('And1', 'Attack 2.0')}"
Chicago Bulls,Josh Giddey,Nike,Kobe 6,"{('Nike', 'Kobe 6 Protro'), ('Nike', 'Kobe 4 Protro'), ('Nike', 'Kobe 9 Low'), ('Nike', 'Kobe A.D. Low 2017'), ('Nike', 'Kobe 4 Protro Wizenard'), ('Anta', 'GH5'), ('Nike', 'Kobe 8'), ('Nike', 'Kobe 5'), ('Nike', 'Kobe 4'), ('Nike', 'Kobe X Low'), ('Nike', 'Kobe 6 Reverse Grinch'), ('Nike', 'Kobe 6'), ('Nike', 'Kobe XI Low')}"
Chicago Bulls,Matas Buzelis,Reebok,Engine A,set()
Chicago Bulls,Talen Horton-Tucker,Jordan,Air  39,"{('Jordan', 'Air  38 Low'), ('Jordan', 'Air  37 Low'), ('Jordan', 'Luka 2'), ('Jordan', 'Air  36'), ('Jordan', 'Zoom Separate'), ('Jordan', 'Air  36 Low'), ('Jordan', 'Air  39'), ('Jordan', 'Tatum 2'), ('Jordan', 'One Take 4'), ('Jordan', 'Air  37'), ('Jordan', 'Air  39 Sol'), ('Jordan', 'Air  38'), ('Jordan', 'Zion 3')}"
Chicago Bulls,Coby White,Nike,LeBron XX Miami Heat,"{('Adidas', 'Marquee Boost'), ('Jordan', 'CP3.11'), ('Nike', 'LeBron XX'), ('Adidas', 'Pro Bounce 2019'), ('Jordan', 'CP3.12')}"
Chicago Bulls,Tre Jones,Nike,JA 2 Nightmare,"{('Nike', 'JA 2 Exposure Iron Grey'), ('Nike', 'JA 2 Tree Topper'), ('Nike', 'Kobe 4 Protro'), ('Nike', 'JA 2 In the Woods'), ('Nike', 'JA 2 Induction'), ('Nike', 'JA 2 Foundation'), ('Nike', 'Kyrie Infinity'), ('Nike', 'Kyrie 4'), ('Nike', 'JA 2 Nightmare'), ('Nike', 'Kyrie Low 3'), ('Nike', 'Sabrina 1'), ('Nike', 'JA 2'), ('Nike', 'Kyrie Low 5'), ('Nike', 'Kobe 6')}"
Chicago Bulls,Julian Phillips,Nike,Kobe 6 Reverse Grinch,"{('Nike', 'Kobe 6 Mambacita Sweet 16'), ('Nike', 'Kobe 4 Protro Gift of Mamba'), ('Nike', 'Air Zoom G.T. Cut 2'), ('Nike', 'Kobe 4 Protro'), ('Nike', 'Kobe 9 Low'), ('Nike', 'Kobe 6 Italian Camo'), ('Nike', 'Kobe 8 Venice Beach'), ('Nike', 'Kobe 8'), ('Nike', 'Kobe 6 Reverse Grinch'), ('Nike', 'Kobe 9 EM'), ('Nike', 'Kobe 6'), ('Nike', 'Kobe XI Low')}"
Chicago Bulls,Ayo Dosunmu,Nike,Air Zoom G.T. Cut 2 BHM,"{('Nike', 'Air Zoom G.T. Cut 2'), ('Nike', 'Kobe 4 Protro'), ('Nike', 'Air Zoom G.T. Cut 2 BHM'), ('Nike', 'G.T. Hustle 2'), ('Nike', 'Kobe 5'), ('Nike', 'Kobe 6'), ('Nike', 'Kyrie Low 4'), ('Nike', 'Air Zoom GT Cut')}"
Chicago Bulls,Dalen Terry,Adidas,Fear of God II,"{('Adidas', 'Harden Vol. 9'), ('Adidas', 'BYW Select'), ('Adidas', 'DON Issue #3'), ('Adidas', 'TMAC 2'), ('Adidas', 'unknow 3'), ('Adidas', 'Dame Certified 2.0'), ('Adidas', 'D Rose 1.5 Low'), ('Adidas', 'Harden Vol. 8'), ('Adidas', 'Dame 4'), ('Adidas', 'Gil Zero'), ('Adidas', 'Harden Vol. 8 Eurocamp'), ('Adidas', 'Top Ten 2000'), ('Adidas', 'T-Mac Millennium'), ('Adidas', 'T-MAC Millennium 2'), ('Adidas', 'Crazy 8'), ('Adidas', 'Harden Vol. 9 Cyber Metallic'), ('Adidas', 'adizero Select 2.0'), ('Adidas', 'Dame 8'), ('Adidas', 'Pro Model 2G'), ('Adidas', 'D Rose 1.5'), ('Adidas', 'Harden Vol. 7'), ('Adidas', 'adizero Select 3.0')}"
Chicago Bulls,Patrick Williams,Jordan,Air  39 Sol,"{('Jordan', 'Air  37'), ('Nike', 'KD 15'), ('Nike', 'Kobe 6'), ('Nike', 'Kobe 4 Protro Gold Medal'), ('Jordan', 'Air  39 Croix'), ('Nike', 'Kobe 4 Protro'), ('Nike', 'Air Zoom G.T. Cut 2'), ('Nike', 'KD 14'), ('Nike', 'Kyrie 2'), ('Jordan', 'Air  39'), ('Nike', 'Kobe 8'), ('Nike', 'Sabrina 1'), ('Jordan', 'Air  38 Low'), ('Nike', 'Kobe 4 Protro Mambacita'), ('Nike', 'KD 16'), ('Nike', 'Kobe 5'), ('Jordan', 'React Elevation'), ('Jordan', 'Air  39 Sol'), ('Nike', 'Kobe 4 Protro Gift of Mamba'), ('Nike', 'Kobe 9 Low'), ('Jordan', 'Air  36'), ('Nike', 'Kobe 6 Italian Camo')}"
Chicago Bulls,Emanuel Miller,,,set()
Chicago Bulls,Zach Collins,Nike,KD 17,"{('Nike', 'LeBron 17'), ('Nike', 'G.T. Hustle 3'), ('Nike', 'LeBron 19'), ('Nike', 'KD 17 Late Night'), ('Nike', 'KD 17'), ('Nike', 'Air Zoom GT Jump'), ('Nike', 'G.T. Jump 2'), ('Nike', 'KD 17 Wolf Grey')}"
Chicago Bulls,Kevin Huerter,Nike,Kobe 4 Protro Gold Medal,"{('Nike', 'Kobe 4 Protro Gold Medal'), ('Nike', 'PG 6'), ('Under Armour', 'Drive 4'), ('Nike', 'KD 12'), ('Nike', 'KD 11'), ('Nike', 'KD 14'), ('Nike', 'KD 16'), ('Nike', 'KD 17 Late Night'), ('Nike', 'KD 17 Christmas'), ('Nike', 'KD 17'), ('Nike', 'KD 13'), ('Nike', 'Kobe 4 Protro Philly'), ('Nike', 'KD 17 B.A.D.'), ('Nike', 'LeBron XX'), ('Nike', 'KD 17 N7'), ('Nike', 'KD 15'), ('Nike', 'Zoom Freak 3')}"
Cleveland Cavaliers,Darius Garland,New Balance,Hesi Low V2,"{('Nike', 'Kyrie Infinity (Kyrie 8)'), ('Nike', 'Kyrie 7'), ('New Balance', 'Two WXY 4'), ('Nike', 'Kyrie 5'), ('Nike', 'Kyrie 4')}"
Cleveland Cavaliers,Tristan Thompson,Nike,LeBron XX,"{('Nike', 'Zoom LeBron Soldier 12'), ('Nike', 'LeBron XXI Tahitian'), ('Nike', 'LeBron Soldier 13'), ('Nike', 'LeBron 22 Mogul'), ('Nike', 'Zoom LeBron Soldier 14'), ('Nike', 'LeBron XX'), ('Nike', 'LeBron XXI'), ('Nike', 'Lebron Soldier 10'), ('Nike', 'LeBron 22'), ('Nike', 'LeBron Soldier 11')}"
Cleveland Cavaliers,De'Andre Hunter,Nike,Kobe 4 Protro Mambacita,"{('Nike', 'Kobe 4 Protro Del Sol'), ('Nike', 'Giannis Immortality 3'), ('Nike', 'Kobe 4 Protro'), ('Nike', 'Kobe 4 Protro Mambacita'), ('Nike', 'KD 4'), ('Nike', 'Zoom Freak 1'), ('Nike', 'Zoom Freak 2'), ('Nike', 'PG 2'), ('Nike', 'Zoom Freak 4'), ('Nike', 'Sabrina 1'), ('Nike', 'Kobe X Low'), ('Nike', 'Zoom Freak 3'), ('Nike', 'Sabrina 2')}"
Cleveland Cavaliers,Sam Merrill,Nike,Sabrina 2 White Noise,"{('Nike', 'Kobe 4 Protro Gold Medal'), ('Nike', 'Air Zoom G.T. Cut 2'), ('Nike', 'Air Zoom G.T. Cut 3'), ('Nike', 'Kobe 4 Protro Mambacita'), ('Nike', 'Ja 1'), ('Nike', 'PG 5'), ('Nike', 'Kyrie Low 3'), ('Nike', 'Kobe 4 Protro Girl Dad'), ('Nike', 'Zoom Freak 4'), ('Nike', 'LeBron XX'), ('Nike', 'LeBron XXI'), ('Nike', 'Kyrie Low 5'), ('Nike', 'Kobe 6'), ('Nike', 'Air Zoom GT Cut'), ('Nike', 'Sabrina 2')}"
Cleveland Cavaliers,Jarrett Allen,Nike,Kyrie 3,"{('Nike', 'Kyrie 3'), ('Nike', 'Kyrie 7')}"
Cleveland Cavaliers,Evan Mobley,Adidas,Harden Vol. 8,"{('Adidas', 'adizero Select'), ('Adidas', 'Harden Vol. 8'), ('Nike', 'Zoom Freak 2'), ('Adidas', 'Dame 7'), ('Adidas', 'adizero Select 2.0')}"
Cleveland Cavaliers,Javonte Green,Nike,Kobe 8 Black History Month,"{('Jordan', 'Air  Retro 11'), ('Nike', 'Kobe 5 Protro Year of the Mamba'), ('Nike', 'Kobe 6 BHM'), ('Nike', 'Kobe XI 11 Elite Low Achilles Heel'), ('Nike', 'Kobe 7'), ('Nike', 'Kobe 5 Protro Undefeated Hall of Fame'), ('Nike', 'Kobe 6'), ('Nike', 'Kobe 4 Protro Gold Medal'), ('Nike', 'Air Zoom G.T. Cut 2'), ('Nike', 'Kobe 4 Protro'), ('Nike', 'Kobe 4 Protro Undefeated'), ('741 Performance', 'Rover'), ('Nike', 'Kobe 4 Protro Philly'), ('Nike', 'Kobe 8'), ('Nike', 'Sabrina 2'), ('Nike', 'Kobe A.D. Low 2017'), ('Nike', 'Kobe 5 Protro Undefeated What If Multi'), ('Nike', 'Kobe 5'), ('Nike', 'Kobe XI Low'), ('Nike', 'Kobe 9 Low'), ('Nike', 'Kobe 9 High Elite')}"
Cleveland Cavaliers,Emoni Bates,Nike,Kyrie 4 Lucky Charms,"{('Nike', 'KD 14'), ('Nike', 'KD 16'), ('Nike', 'Kobe 6'), ('Nike', 'Kyrie 4')}"
Cleveland Cavaliers,Luke Travers,Nike,Sabrina 2 White Noise,"{('Nike', 'Sabrina 2')}"
Cleveland Cavaliers,Max Strus,Nike,Book 1 Forrest Gump Cortez,"{('Nike', 'Book 1 The Nightmare Before Christmas'), ('Li-Ning', 'YuShuai 15'), ('Nike', 'Precision 6'), ('Nike', 'PG 2'), ('Nike', 'Book 1 Forrest Gump Cortez'), ('Nike', 'Kobe 6'), ('Nike', 'Kobe 4 Protro'), ('Nike', 'Kobe 8'), ('Nike', 'Book 1 Rattlesnake'), ('Nike', 'Sabrina 1'), ('Nike', 'Air Zoom GT Cut'), ('Nike', 'Book 1 Python'), ('Nike', 'KD 16'), ('Nike', 'Kobe XI Low'), ('Nike', 'Book 1'), ('Nike', 'PG 6'), ('Nike', 'Book 1 Halloween'), ('Nike', 'Air Zoom G.T. Cut 3'), ('Nike', 'LeBron XX')}"
Cleveland Cavaliers,Donovan Mitchell,Adidas,D.O.N. Issue 6,"{('Adidas', 'D.O.N. Issue 6 Haribo'), ('Adidas', 'DON Issue #3'), ('Adidas', 'D.O.N. Issue 6'), ('Adidas', 'D.O.N. Issue 4'), ('Adidas', 'D.O.N. Issue 5'), ('Adidas', 'Pro Bounce Low')}"
Cleveland Cavaliers,Dean Wade,Nike,KD 17,"{('Under Armour', 'Flow FUTR X'), ('Nike', 'Air Zoom G.T. Cut 2'), ('Nike', 'Air Zoom G.T. Cut 3'), ('Nike', 'KD 16'), ('Nike', 'KD 17'), ('Nike', 'KD 15'), ('Nike', 'KD 17 Wolf Grey')}"
Cleveland Cavaliers,Isaac Okoro,Holo,IO: 01,"{('Holo', 'Unknow'), ('Nike', 'Kobe 5'), ('Nike', 'KD 15'), ('Under Armour', 'Curry 7'), ('Nike', 'Kobe 6'), ('Nike', 'Kobe 5 Protro')}"
Cleveland Cavaliers,Craig Porter Jr.,Anta,KAI 1,"{('Anta', 'KAI 1 Sacred Bond'), ('Nike', 'Ja 1'), ('Anta', 'KAI 1 Speed Tribe'), ('Anta', 'KAI 1'), ('Nike', 'KD Trey 5 X'), ('Nike', 'Zoom Freak 4'), ('Nike', 'Air Max Impact 4'), ('Holo', 'IO: 01')}"
Cleveland Cavaliers,Jaylon Tyson,Nike,Book 1 Forrest Gump Cortez,"{('Nike', 'Book 1'), ('Nike', 'Kobe 4 Protro'), ('Nike', 'Book 1 Sunset'), ('Nike', 'Book 1 Python'), ('Nike', 'JA 2'), ('Nike', 'Book 1 Sedona'), ('Nike', 'Kobe 5'), ('Nike', 'Book 1 Rattlesnake'), ('Nike', 'PG 1'), ('Nike', 'Book 1 Forrest Gump Cortez'), ('Nike', 'Kobe 6')}"
Cleveland Cavaliers,Ty Jerome,Nike,Book 1 The Nightmare Before Christmas,"{('Nike', 'PG 6'), ('Nike', 'Kobe 4 Protro Gift of Mamba'), ('Nike', 'Air Zoom G.T. Cut 2'), ('Nike', 'Kobe 4 Protro'), ('Nike', 'Freak 5'), ('Nike', 'Kyrie 7'), ('Nike', 'Air Zoom GT Run'), ('Nike', 'Kobe 1 Protro'), ('Nike', 'Sabrina 2 White Noise'), ('Nike', 'Sabrina 2')}"
Detroit Pistons,Lindy Waters III,Nike,Kobe 6 Sail All-Star,"{('Nike', 'Kobe 6 Mambacita Sweet 16'), ('Nike', 'Kobe 4 Protro'), ('Nike', 'KD 4'), ('Nike', 'KD 16'), ('Nike', 'Kobe 6 Sail All-Star'), ('Nike', 'Sabrina 1'), ('Nike', 'Kyrie Low 5'), ('Nike', 'Kobe 6'), ('Nike', 'Zoom Freak 3'), ('Nike', 'Kobe 6 Reverse Grinch')}"
Detroit Pistons,Daniss Jenkins,Nike,Air Zoom G.T. Cut 3,"{('Nike', 'Kobe 6'), ('Nike', 'KD 17')}"
Detroit Pistons,Jalen Duren,Nike,KD 14,"{('Nike', 'Kyrie 6'), ('Nike', 'Kobe 4 Protro'), ('Nike', 'Kyrie 7'), ('Nike', 'Kyrie 5'), ('Nike', 'KD 14'), ('Nike', 'KD 16'), ('Nike', 'Kobe 6'), ('Nike', 'KD 17'), ('Nike', 'Kobe 4 Protro Philly'), ('Nike', 'Kyrie S2 Hybrid'), ('Nike', 'PG 2.5'), ('Nike', 'KD 3'), ('Nike', 'Zoom KD12'), ('Nike', 'LeBron XX'), ('Nike', 'LeBron XXI'), ('Nike', 'KD 15')}"
Detroit Pistons,Simone Fontecchio,Nike,KD 17,"{('Nike', 'PG 6'), ('Nike', 'Freak 5'), ('Nike', 'KD 17'), ('Nike', 'Cosmic Unity 2'), ('Nike', 'Freak 6'), ('Nike', 'Zoom Freak 4'), ('Nike', 'LeBron XX'), ('Nike', 'Kobe 6 Reverse Grinch'), ('Nike', 'Kyrie Low 5'), ('Nike', 'Kobe 6'), ('Nike', 'Sabrina 2')}"
Detroit Pistons,Marcus Sasser,Jordan,Luka 1,"{('Jordan', 'Tatum 3'), ('Jordan', 'Tatum 2'), ('Jordan', 'Luka 1'), ('Jordan', 'Luka 2')}"
Detroit Pistons,Isaiah Stewart,Xero,Low Unknow 1,"{('Puma', 'RS-Dreamer'), ('Nike', 'KD 16'), ('Nike', 'KD 17'), ('Puma', 'Court Rider 2.0'), ('Puma', 'Stewie 1'), ('Xero', 'Low Unknow 1'), ('Nike', 'KD 15')}"
Detroit Pistons,Ron Harper Jr.,Nike,LeBron NXXT Gen,"{('Nike', 'Air Zoom G.T. Cut 2'), ('Nike', 'Kobe 6')}"
Detroit Pistons,Paul Reed,Nike,Air Zoom G.T. Cut 2,"{('Nike', 'Air Zoom G.T. Cut 2'), ('Nike', 'Kobe A.D.'), ('Nike', 'Kobe 6 Sail All-Star'), ('Nike', 'Kobe 6'), ('Nike', 'Kobe 6 All-Star'), ('Nike', 'Air Zoom GT Cut')}"
Detroit Pistons,Ausar Thompson,Nike,G.T. Cut Academy,"{('Nike', 'Book 1'), ('Nike', 'Freak 5'), ('Nike', 'Air Zoom G.T. Cut 3'), ('Nike', 'KD 16'), ('Nike', 'G.T. Cut Academy'), ('Nike', 'Sabrina 1'), ('Nike', 'Kobe 6'), ('Nike', 'Sabrina 2')}"
Detroit Pistons,Ronald Holland II,Nike,Kobe 5 EYBL,"{('Nike', 'Kobe 5'), ('Nike', 'Kobe 5 Zebra'), ('Nike', 'Kobe 6'), ('Nike', 'Kobe 6 WNBA')}"
Detroit Pistons,Jaden Ivey,Nike,Kobe 6,"{('Nike', 'Kobe 6 Protro'), ('Nike', 'Kobe 4 Protro'), ('Nike', 'Ja 1'), ('Nike', 'Kobe 5'), ('Nike', 'Kobe 6'), ('Nike', 'Air Zoom GT Cut')}"
Detroit Pistons,Cade Cunningham,Nike,Air Zoom G.T. Cut 3,"{('Jordan', 'Air  Retro 11'), ('Nike', 'Kobe 4 Protro'), ('Nike', 'Air Zoom G.T. Cut 3'), ('Nike', 'Air Zoom GT Cut'), ('Nike', 'Kyrie 3'), ('Nike', 'Kobe 5'), ('Nike', 'Kobe X Low'), ('Nike', 'Sabrina 2'), ('Nike', 'Sabrina 1'), ('Nike', 'Kobe 6'), ('Nike', 'Kobe XI Low'), ('Nike', 'Air Zoom G.T. Cut 3 Turbo')}"
Detroit Pistons,Tim Hardaway Jr.,Jordan,Tatum 3 Zen,"{('Jordan', 'Air  37 Low'), ('Jordan', 'Why Not Zer0.4'), ('Jordan', 'Air  XXX'), ('Jordan', 'Tatum 1'), ('Jordan', 'Heir'), ('Jordan', 'Zion 3'), ('Jordan', 'One Take 3'), ('Jordan', 'Air  39'), ('Jordan', 'One Take 4'), ('Jordan', 'Why Not? Zer0.6'), ('Jordan', 'Jumpman Diamond'), ('Jordan', 'Tatum 3 Welcome to the Garden Alternate'), ('Jordan', 'Tatum 3'), ('Jordan', 'Air  XXXIV'), ('Jordan', 'CP3.X'), ('Jordan', 'Tatum 2'), ('Jordan', 'Why Not? Zer0.5'), ('Jordan', 'Melo M11'), ('Jordan', 'Tatum 3 6th Man'), ('Jordan', 'Air  XX8'), ('Jordan', 'Luka 1'), ('Jordan', 'Air  29')}"
Detroit Pistons,Dennis SchrÃ¶der,Puma,All-Pro Nitro Elite,"{('Puma', 'Rise Nitro'), ('Puma', 'All-Pro Nitro'), ('Nike', 'KD 12'), ('Nike', 'KD 9'), ('Puma', 'All-Pro Nitro Elite'), ('Puma', 'MB.02'), ('Nike', 'Kyrie 1 iD'), ('Puma', 'Fusion Nitro Spectra'), ('Nike', 'PG 1'), ('Puma', 'Clyde All-Pro'), ('Nike', 'Kyrie 1')}"
Detroit Pistons,Tolu Smith,,,set()
Detroit Pistons,Tobias Harris,Nike,Kobe 6 BHM,"{('Nike', 'Kobe 6 BHM'), ('Nike', 'Kobe 5 Protro'), ('Nike', 'G.T. Hustle 2'), ('Nike', 'Kobe AD NXT 360'), ('Nike', 'Kobe 7'), ('Nike', 'Kobe 6'), ('Nike', 'Kobe X Low'), ('Nike', 'Kobe AD Mid'), ('Nike', 'Kobe 4 Protro Gold Medal'), ('Nike', 'Air Zoom G.T. Cut 2'), ('Nike', 'Kobe 4 Protro'), ('Nike', 'Kobe 8'), ('Nike', 'Zoom Soldier VIII'), ('Nike', 'Air Zoom GT Cut'), ('Nike', 'Kyrie Low 4'), ('Nike', 'Kobe 5 Protro Bruce Lee Alternate'), ('Nike', 'Zoom Kobe 6 FTB'), ('Nike', 'Kobe 5'), ('Nike', 'Kyrie Low 5'), ('Nike', 'Book 1'), ('Nike', 'Kobe 6 WNBA'), ('Nike', 'Air Zoom G.T. Cut 3'), ('Nike', 'Kobe A.D.'), ('Nike', 'Kobe 6 Italian Camo'), ('Nike', 'Kyrie Low 3'), ('Nike', 'Lebron Soldier 10'), ('Nike', 'Sabrina 2')}"
Detroit Pistons,Bobi Klintman,Nike,Sabrina 2,"{('Nike', 'PG 6'), ('Nike', 'Air Zoom G.T. Cut 3'), ('Nike', 'Kyrie Low 2'), ('Nike', 'Ja 1')}"
Detroit Pistons,Malik Beasley,XTEP,Yufeng 3,"{('Li-Ning', 'Wade All City 10 V1'), ('Nike', 'PG 6'), ('Nike', 'LeBron 17'), ('Nike', 'LeBron 15'), ('Nike', 'KD 9'), ('XTEP', 'Battle'), ('Converse', 'All Star BB Shift'), ('XTEP', 'Jlin 2 SE'), ('XTEP', 'Yufeng 3'), ('XTEP', 'ZL1'), ('Nike', 'LeBron 18 Low'), ('361Â°', 'XTEP 361 Unknow'), ('Converse', 'All Star BB Prototype CX')}"
Indiana Pacers,Pascal Siakam,Nike,KD 17,"{('Nike', 'KD 17 Aunt Pearl'), ('Nike', 'KD 12'), ('Nike', 'KD 9'), ('Nike', 'KD 14'), ('Nike', 'KD 16'), ('Nike', 'KD 13'), ('Nike', 'KD 17')}"
Indiana Pacers,Isaiah Jackson,Nike,Nike Kyrie 4,"{('Nike', 'Kyrie 4'), ('Nike', 'Kyrie 2'), ('Nike', 'Kyrie S2 Hybrid'), ('Nike', 'Kyrie 5')}"
Indiana Pacers,T.J. McConnell,Nike,Ja 1,"{('Nike', 'Kyrie Low 5'), ('Nike', 'Hypershift')}"
Indiana Pacers,Aaron Nesmith,New Balance,Two WXY 4,"{('New Balance', 'Two WXY 5'), ('New Balance', 'Two WXY 2'), ('New Balance', 'Two Wxy V3'), ('New Balance', 'Two WXY 4')}"
